Copyright 1986-2020 Xilinx, Inc. All Rights Reserved.
--------------------------------------------------------------------------------------------------------------------------------------------------------------------------------------------------
| Tool Version : Vivado v.2020.2 (win64) Build 3064766 Wed Nov 18 09:12:45 MST 2020
| Date         : Thu Oct  1 19:59:22 2026
| Host         : DESKTOP-7CFQ9ND running 64-bit major release  (build 9200)
| Command      : report_timing_summary -max_paths 10 -file top_rv32i_timing_summary_routed.rpt -pb top_rv32i_timing_summary_routed.pb -rpx top_rv32i_timing_summary_routed.rpx -warn_on_violation
| Design       : top_rv32i
| Device       : 7a35t-cpg236
| Speed File   : -1  PRODUCTION 1.23 2018-06-13
--------------------------------------------------------------------------------------------------------------------------------------------------------------------------------------------------

Timing Summary Report

------------------------------------------------------------------------------------------------
| Timer Settings
| --------------
------------------------------------------------------------------------------------------------

  Enable Multi Corner Analysis               :  Yes
  Enable Pessimism Removal                   :  Yes
  Pessimism Removal Resolution               :  Nearest Common Node
  Enable Input Delay Default Clock           :  No
  Enable Preset / Clear Arcs                 :  No
  Disable Flight Delays                      :  No
  Ignore I/O Paths                           :  No
  Timing Early Launch at Borrowing Latches   :  No
  Borrow Time for Max Delay Exceptions       :  Yes
  Merge Timing Exceptions                    :  Yes

  Corner  Analyze    Analyze    
  Name    Max Paths  Min Paths  
  ------  ---------  ---------  
  Slow    Yes        Yes        
  Fast    Yes        Yes        



check_timing report

Table of Contents
-----------------
1. checking no_clock (0)
2. checking constant_clock (0)
3. checking pulse_width_clock (0)
4. checking unconstrained_internal_endpoints (0)
5. checking no_input_delay (1)
6. checking no_output_delay (7)
7. checking multiple_clock (0)
8. checking generated_clocks (0)
9. checking loops (0)
10. checking partial_input_delay (0)
11. checking partial_output_delay (0)
12. checking latch_loops (0)

1. checking no_clock (0)
------------------------
 There are 0 register/latch pins with no clock.


2. checking constant_clock (0)
------------------------------
 There are 0 register/latch pins with constant_clock.


3. checking pulse_width_clock (0)
---------------------------------
 There are 0 register/latch pins which need pulse_width check


4. checking unconstrained_internal_endpoints (0)
------------------------------------------------
 There are 0 pins that are not constrained for maximum delay.

 There are 0 pins that are not constrained for maximum delay due to constant clock.


5. checking no_input_delay (1)
------------------------------
 There is 1 input port with no input delay specified. (HIGH)

 There are 0 input ports with no input delay but user has a false path constraint.


6. checking no_output_delay (7)
-------------------------------
 There are 7 ports with no output delay specified. (HIGH)

 There are 0 ports with no output delay but user has a false path constraint

 There are 0 ports with no output delay but with a timing clock defined on it or propagating through it


7. checking multiple_clock (0)
------------------------------
 There are 0 register/latch pins with multiple clocks.


8. checking generated_clocks (0)
--------------------------------
 There are 0 generated clocks that are not connected to a clock source.


9. checking loops (0)
---------------------
 There are 0 combinational loops in the design.


10. checking partial_input_delay (0)
------------------------------------
 There are 0 input ports with partial input delay specified.


11. checking partial_output_delay (0)
-------------------------------------
 There are 0 ports with partial output delay specified.


12. checking latch_loops (0)
----------------------------
 There are 0 combinational latch loops in the design through latch input



------------------------------------------------------------------------------------------------
| Design Timing Summary
| ---------------------
------------------------------------------------------------------------------------------------

    WNS(ns)      TNS(ns)  TNS Failing Endpoints  TNS Total Endpoints      WHS(ns)      THS(ns)  THS Failing Endpoints  THS Total Endpoints     WPWS(ns)     TPWS(ns)  TPWS Failing Endpoints  TPWS Total Endpoints  
    -------      -------  ---------------------  -------------------      -------      -------  ---------------------  -------------------     --------     --------  ----------------------  --------------------  
     -3.693     -481.981                    411                 1264        0.284        0.000                      0                 1264        3.750        0.000                       0                   209  


Timing constraints are not met.


------------------------------------------------------------------------------------------------
| Clock Summary
| -------------
------------------------------------------------------------------------------------------------

Clock        Waveform(ns)       Period(ns)      Frequency(MHz)
-----        ------------       ----------      --------------
sys_clk_pin  {0.000 5.000}      10.000          100.000         


------------------------------------------------------------------------------------------------
| Intra Clock Table
| -----------------
------------------------------------------------------------------------------------------------

Clock             WNS(ns)      TNS(ns)  TNS Failing Endpoints  TNS Total Endpoints      WHS(ns)      THS(ns)  THS Failing Endpoints  THS Total Endpoints     WPWS(ns)     TPWS(ns)  TPWS Failing Endpoints  TPWS Total Endpoints  
-----             -------      -------  ---------------------  -------------------      -------      -------  ---------------------  -------------------     --------     --------  ----------------------  --------------------  
sys_clk_pin        -3.693     -481.981                    411                 1264        0.284        0.000                      0                 1264        3.750        0.000                       0                   209  


------------------------------------------------------------------------------------------------
| Inter Clock Table
| -----------------
------------------------------------------------------------------------------------------------

From Clock    To Clock          WNS(ns)      TNS(ns)  TNS Failing Endpoints  TNS Total Endpoints      WHS(ns)      THS(ns)  THS Failing Endpoints  THS Total Endpoints  
----------    --------          -------      -------  ---------------------  -------------------      -------      -------  ---------------------  -------------------  


------------------------------------------------------------------------------------------------
| Other Path Groups Table
| -----------------------
------------------------------------------------------------------------------------------------

Path Group    From Clock    To Clock          WNS(ns)      TNS(ns)  TNS Failing Endpoints  TNS Total Endpoints      WHS(ns)      THS(ns)  THS Failing Endpoints  THS Total Endpoints  
----------    ----------    --------          -------      -------  ---------------------  -------------------      -------      -------  ---------------------  -------------------  


------------------------------------------------------------------------------------------------
| Timing Details
| --------------
------------------------------------------------------------------------------------------------


---------------------------------------------------------------------------------------------------
From Clock:  sys_clk_pin
  To Clock:  sys_clk_pin

Setup :          411  Failing Endpoints,  Worst Slack       -3.693ns,  Total Violation     -481.981ns
Hold  :            0  Failing Endpoints,  Worst Slack        0.284ns,  Total Violation        0.000ns
PW    :            0  Failing Endpoints,  Worst Slack        3.750ns,  Total Violation        0.000ns
---------------------------------------------------------------------------------------------------


Max Delay Paths
--------------------------------------------------------------------------------------
Slack (VIOLATED) :        -3.693ns  (required time - arrival time)
  Source:                 g0_b0_i_1/C
                            (rising edge-triggered cell FDRE clocked by sys_clk_pin  {rise@0.000ns fall@5.000ns period=10.000ns})
  Destination:            U_RV32I_CPU/U_DATAPAHT/U_REG_FILE/ram_file_reg_r1_0_31_12_17/RAMB/I
                            (rising edge-triggered cell RAMD32 clocked by sys_clk_pin  {rise@0.000ns fall@5.000ns period=10.000ns})
  Path Group:             sys_clk_pin
  Path Type:              Setup (Max at Slow Process Corner)
  Requirement:            10.000ns  (sys_clk_pin rise@10.000ns - sys_clk_pin rise@0.000ns)
  Data Path Delay:        13.375ns  (logic 2.359ns (17.638%)  route 11.016ns (82.362%))
  Logic Levels:           13  (LUT5=1 LUT6=10 MUXF7=1 RAMS64E=1)
  Clock Path Skew:        -0.098ns (DCD - SCD + CPR)
    Destination Clock Delay (DCD):    4.785ns = ( 14.785 - 10.000 ) 
    Source Clock Delay      (SCD):    5.143ns
    Clock Pessimism Removal (CPR):    0.260ns
  Clock Uncertainty:      0.035ns  ((TSJ^2 + TIJ^2)^1/2 + DJ) / 2 + PE
    Total System Jitter     (TSJ):    0.071ns
    Total Input Jitter      (TIJ):    0.000ns
    Discrete Jitter          (DJ):    0.000ns
    Phase Error              (PE):    0.000ns

    Location             Delay type                Incr(ns)  Path(ns)    Netlist Resource(s)
  -------------------------------------------------------------------    -------------------
                         (clock sys_clk_pin rise edge)
                                                      0.000     0.000 r  
    W5                                                0.000     0.000 r  i_clk (IN)
                         net (fo=0)                   0.000     0.000    i_clk
    W5                   IBUF (Prop_ibuf_I_O)         1.458     1.458 r  i_clk_IBUF_inst/O
                         net (fo=1, routed)           1.967     3.425    i_clk_IBUF
    BUFGCTRL_X0Y0        BUFG (Prop_bufg_I_O)         0.096     3.521 r  i_clk_IBUF_BUFG_inst/O
                         net (fo=208, routed)         1.622     5.143    i_clk_IBUF_BUFG
    SLICE_X5Y29          FDRE                                         r  g0_b0_i_1/C
  -------------------------------------------------------------------    -------------------
    SLICE_X5Y29          FDRE (Prop_fdre_C_Q)         0.456     5.599 r  g0_b0_i_1/Q
                         net (fo=18, routed)          0.884     6.484    U_RV32I_CPU/U_DATAPAHT/U_REG_FILE/Q[0]
    SLICE_X4Y30          LUT6 (Prop_lut6_I0_O)        0.124     6.608 r  U_RV32I_CPU/U_DATAPAHT/U_REG_FILE/g0_b1/O
                         net (fo=26, routed)          1.157     7.765    U_RV32I_CPU/U_DATAPAHT/U_REG_FILE/g0_b0_i_1_41
    SLICE_X3Y28          LUT5 (Prop_lut5_I0_O)        0.124     7.889 r  U_RV32I_CPU/U_DATAPAHT/U_REG_FILE/ram_file_reg_r1_0_31_0_5_i_9_replica/O
                         net (fo=3, routed)           0.433     8.322    U_RV32I_CPU/U_DATAPAHT/U_REG_FILE/g0_b0_i_1_33_repN
    SLICE_X5Y28          LUT6 (Prop_lut6_I3_O)        0.124     8.446 f  U_RV32I_CPU/U_DATAPAHT/U_REG_FILE/w_pc_imm_carry_i_14/O
                         net (fo=6, routed)           1.273     9.719    U_RV32I_CPU/U_DATAPAHT/U_REG_FILE/g0_b0_i_1_36
    SLICE_X15Y29         LUT6 (Prop_lut6_I3_O)        0.124     9.843 f  U_RV32I_CPU/U_DATAPAHT/U_REG_FILE/d_ram_reg_0_127_0_0_i_116_comp/O
                         net (fo=32, routed)          0.865    10.709    U_RV32I_CPU/U_DATAPAHT/U_REG_FILE/d_ram_reg_0_127_0_0_i_116_n_0
    SLICE_X14Y27         LUT6 (Prop_lut6_I3_O)        0.124    10.833 r  U_RV32I_CPU/U_DATAPAHT/U_REG_FILE/o_debug_OBUF[3]_inst_i_35/O
                         net (fo=2, routed)           0.942    11.775    U_RV32I_CPU/U_DATAPAHT/U_REG_FILE/o_debug_OBUF[3]_inst_i_35_n_0
    SLICE_X13Y31         LUT6 (Prop_lut6_I5_O)        0.124    11.899 f  U_RV32I_CPU/U_DATAPAHT/U_REG_FILE/o_debug_OBUF[3]_inst_i_14/O
                         net (fo=4, routed)           0.477    12.376    U_RV32I_CPU/U_DATAPAHT/U_REG_FILE/o_debug_OBUF[3]_inst_i_14_n_0
    SLICE_X15Y28         LUT6 (Prop_lut6_I3_O)        0.124    12.500 f  U_RV32I_CPU/U_DATAPAHT/U_REG_FILE/d_ram_reg_0_127_0_0_i_40/O
                         net (fo=2, routed)           0.630    13.131    U_RV32I_CPU/U_DATAPAHT/U_REG_FILE/d_ram_reg_0_127_0_0_i_40_n_0
    SLICE_X9Y26          LUT6 (Prop_lut6_I5_O)        0.124    13.255 r  U_RV32I_CPU/U_DATAPAHT/U_REG_FILE/d_ram_reg_0_127_0_0_i_11/O
                         net (fo=2, routed)           0.608    13.863    U_RV32I_CPU/U_DATAPAHT/U_REG_FILE/d_ram_reg_0_127_0_0_i_11_n_0
    SLICE_X10Y26         LUT6 (Prop_lut6_I0_O)        0.124    13.987 r  U_RV32I_CPU/U_DATAPAHT/U_REG_FILE/d_ram_reg_0_127_0_0_i_2/O
                         net (fo=64, routed)          1.396    15.383    U_DATA_RAM/d_ram_reg_0_127_15_15/A0
    SLICE_X10Y30         RAMS64E (Prop_rams64e_ADR0_O)
                                                      0.124    15.507 r  U_DATA_RAM/d_ram_reg_0_127_15_15/LOW/O
                         net (fo=1, routed)           0.000    15.507    U_DATA_RAM/d_ram_reg_0_127_15_15/O0
    SLICE_X10Y30         MUXF7 (Prop_muxf7_I0_O)      0.241    15.748 r  U_DATA_RAM/d_ram_reg_0_127_15_15/F7/O
                         net (fo=6, routed)           0.773    16.521    U_DATA_RAM/p_2_in[15]
    SLICE_X9Y29          LUT6 (Prop_lut6_I2_O)        0.298    16.819 r  U_DATA_RAM/ram_file_reg_r1_0_31_6_11_i_9/O
                         net (fo=25, routed)          0.869    17.688    U_DATA_RAM/d_ram_reg_0_127_23_23_0
    SLICE_X8Y28          LUT6 (Prop_lut6_I1_O)        0.124    17.812 r  U_DATA_RAM/ram_file_reg_r1_0_31_12_17_i_4/O
                         net (fo=2, routed)           0.706    18.518    U_RV32I_CPU/U_DATAPAHT/U_REG_FILE/ram_file_reg_r1_0_31_12_17/DIB0
    SLICE_X8Y34          RAMD32                                       r  U_RV32I_CPU/U_DATAPAHT/U_REG_FILE/ram_file_reg_r1_0_31_12_17/RAMB/I
  -------------------------------------------------------------------    -------------------

                         (clock sys_clk_pin rise edge)
                                                     10.000    10.000 r  
    W5                                                0.000    10.000 r  i_clk (IN)
                         net (fo=0)                   0.000    10.000    i_clk
    W5                   IBUF (Prop_ibuf_I_O)         1.388    11.388 r  i_clk_IBUF_inst/O
                         net (fo=1, routed)           1.862    13.250    i_clk_IBUF
    BUFGCTRL_X0Y0        BUFG (Prop_bufg_I_O)         0.091    13.341 r  i_clk_IBUF_BUFG_inst/O
                         net (fo=208, routed)         1.444    14.785    U_RV32I_CPU/U_DATAPAHT/U_REG_FILE/ram_file_reg_r1_0_31_12_17/WCLK
    SLICE_X8Y34          RAMD32                                       r  U_RV32I_CPU/U_DATAPAHT/U_REG_FILE/ram_file_reg_r1_0_31_12_17/RAMB/CLK
                         clock pessimism              0.260    15.045    
                         clock uncertainty           -0.035    15.010    
    SLICE_X8Y34          RAMD32 (Setup_ramd32_CLK_I)
                                                     -0.185    14.825    U_RV32I_CPU/U_DATAPAHT/U_REG_FILE/ram_file_reg_r1_0_31_12_17/RAMB
  -------------------------------------------------------------------
                         required time                         14.825    
                         arrival time                         -18.518    
  -------------------------------------------------------------------
                         slack                                 -3.693    

Slack (VIOLATED) :        -3.677ns  (required time - arrival time)
  Source:                 g0_b0_i_1/C
                            (rising edge-triggered cell FDRE clocked by sys_clk_pin  {rise@0.000ns fall@5.000ns period=10.000ns})
  Destination:            U_RV32I_CPU/U_DATAPAHT/U_REG_FILE/ram_file_reg_r2_0_31_0_5/RAMA/I
                            (rising edge-triggered cell RAMD32 clocked by sys_clk_pin  {rise@0.000ns fall@5.000ns period=10.000ns})
  Path Group:             sys_clk_pin
  Path Type:              Setup (Max at Slow Process Corner)
  Requirement:            10.000ns  (sys_clk_pin rise@10.000ns - sys_clk_pin rise@0.000ns)
  Data Path Delay:        13.378ns  (logic 2.359ns (17.634%)  route 11.019ns (82.366%))
  Logic Levels:           13  (LUT5=2 LUT6=9 MUXF7=1 RAMS64E=1)
  Clock Path Skew:        -0.103ns (DCD - SCD + CPR)
    Destination Clock Delay (DCD):    4.780ns = ( 14.780 - 10.000 ) 
    Source Clock Delay      (SCD):    5.143ns
    Clock Pessimism Removal (CPR):    0.260ns
  Clock Uncertainty:      0.035ns  ((TSJ^2 + TIJ^2)^1/2 + DJ) / 2 + PE
    Total System Jitter     (TSJ):    0.071ns
    Total Input Jitter      (TIJ):    0.000ns
    Discrete Jitter          (DJ):    0.000ns
    Phase Error              (PE):    0.000ns

    Location             Delay type                Incr(ns)  Path(ns)    Netlist Resource(s)
  -------------------------------------------------------------------    -------------------
                         (clock sys_clk_pin rise edge)
                                                      0.000     0.000 r  
    W5                                                0.000     0.000 r  i_clk (IN)
                         net (fo=0)                   0.000     0.000    i_clk
    W5                   IBUF (Prop_ibuf_I_O)         1.458     1.458 r  i_clk_IBUF_inst/O
                         net (fo=1, routed)           1.967     3.425    i_clk_IBUF
    BUFGCTRL_X0Y0        BUFG (Prop_bufg_I_O)         0.096     3.521 r  i_clk_IBUF_BUFG_inst/O
                         net (fo=208, routed)         1.622     5.143    i_clk_IBUF_BUFG
    SLICE_X5Y29          FDRE                                         r  g0_b0_i_1/C
  -------------------------------------------------------------------    -------------------
    SLICE_X5Y29          FDRE (Prop_fdre_C_Q)         0.456     5.599 r  g0_b0_i_1/Q
                         net (fo=18, routed)          0.884     6.484    U_RV32I_CPU/U_DATAPAHT/U_REG_FILE/Q[0]
    SLICE_X4Y30          LUT6 (Prop_lut6_I0_O)        0.124     6.608 r  U_RV32I_CPU/U_DATAPAHT/U_REG_FILE/g0_b1/O
                         net (fo=26, routed)          1.157     7.765    U_RV32I_CPU/U_DATAPAHT/U_REG_FILE/g0_b0_i_1_41
    SLICE_X3Y28          LUT5 (Prop_lut5_I0_O)        0.124     7.889 r  U_RV32I_CPU/U_DATAPAHT/U_REG_FILE/ram_file_reg_r1_0_31_0_5_i_9_replica/O
                         net (fo=3, routed)           0.433     8.322    U_RV32I_CPU/U_DATAPAHT/U_REG_FILE/g0_b0_i_1_33_repN
    SLICE_X5Y28          LUT6 (Prop_lut6_I3_O)        0.124     8.446 f  U_RV32I_CPU/U_DATAPAHT/U_REG_FILE/w_pc_imm_carry_i_14/O
                         net (fo=6, routed)           1.273     9.719    U_RV32I_CPU/U_DATAPAHT/U_REG_FILE/g0_b0_i_1_36
    SLICE_X15Y29         LUT6 (Prop_lut6_I3_O)        0.124     9.843 f  U_RV32I_CPU/U_DATAPAHT/U_REG_FILE/d_ram_reg_0_127_0_0_i_116_comp/O
                         net (fo=32, routed)          0.865    10.709    U_RV32I_CPU/U_DATAPAHT/U_REG_FILE/d_ram_reg_0_127_0_0_i_116_n_0
    SLICE_X14Y27         LUT6 (Prop_lut6_I3_O)        0.124    10.833 r  U_RV32I_CPU/U_DATAPAHT/U_REG_FILE/o_debug_OBUF[3]_inst_i_35/O
                         net (fo=2, routed)           0.942    11.775    U_RV32I_CPU/U_DATAPAHT/U_REG_FILE/o_debug_OBUF[3]_inst_i_35_n_0
    SLICE_X13Y31         LUT6 (Prop_lut6_I5_O)        0.124    11.899 f  U_RV32I_CPU/U_DATAPAHT/U_REG_FILE/o_debug_OBUF[3]_inst_i_14/O
                         net (fo=4, routed)           0.477    12.376    U_RV32I_CPU/U_DATAPAHT/U_REG_FILE/o_debug_OBUF[3]_inst_i_14_n_0
    SLICE_X15Y28         LUT6 (Prop_lut6_I3_O)        0.124    12.500 f  U_RV32I_CPU/U_DATAPAHT/U_REG_FILE/d_ram_reg_0_127_0_0_i_40/O
                         net (fo=2, routed)           0.630    13.131    U_RV32I_CPU/U_DATAPAHT/U_REG_FILE/d_ram_reg_0_127_0_0_i_40_n_0
    SLICE_X9Y26          LUT6 (Prop_lut6_I5_O)        0.124    13.255 r  U_RV32I_CPU/U_DATAPAHT/U_REG_FILE/d_ram_reg_0_127_0_0_i_11/O
                         net (fo=2, routed)           0.608    13.863    U_RV32I_CPU/U_DATAPAHT/U_REG_FILE/d_ram_reg_0_127_0_0_i_11_n_0
    SLICE_X10Y26         LUT6 (Prop_lut6_I0_O)        0.124    13.987 r  U_RV32I_CPU/U_DATAPAHT/U_REG_FILE/d_ram_reg_0_127_0_0_i_2/O
                         net (fo=64, routed)          1.566    15.553    U_DATA_RAM/d_ram_reg_0_127_24_24/A0
    SLICE_X14Y31         RAMS64E (Prop_rams64e_ADR0_O)
                                                      0.124    15.677 r  U_DATA_RAM/d_ram_reg_0_127_24_24/LOW/O
                         net (fo=1, routed)           0.000    15.677    U_DATA_RAM/d_ram_reg_0_127_24_24/O0
    SLICE_X14Y31         MUXF7 (Prop_muxf7_I0_O)      0.241    15.918 r  U_DATA_RAM/d_ram_reg_0_127_24_24/F7/O
                         net (fo=5, routed)           1.004    16.922    U_RV32I_CPU/U_DATAPAHT/U_REG_FILE/p_2_in[24]
    SLICE_X9Y24          LUT5 (Prop_lut5_I0_O)        0.298    17.220 r  U_RV32I_CPU/U_DATAPAHT/U_REG_FILE/ram_file_reg_r1_0_31_0_5_i_18/O
                         net (fo=1, routed)           0.692    17.912    U_RV32I_CPU/U_CONTROL_UNIT/U_PROGRAM_COUNTER/ram_file_reg_r2_0_31_0_5_1
    SLICE_X8Y26          LUT6 (Prop_lut6_I1_O)        0.124    18.036 r  U_RV32I_CPU/U_CONTROL_UNIT/U_PROGRAM_COUNTER/ram_file_reg_r1_0_31_0_5_i_3_comp/O
                         net (fo=2, routed)           0.485    18.521    U_RV32I_CPU/U_DATAPAHT/U_REG_FILE/ram_file_reg_r2_0_31_0_5/DIA0
    SLICE_X8Y30          RAMD32                                       r  U_RV32I_CPU/U_DATAPAHT/U_REG_FILE/ram_file_reg_r2_0_31_0_5/RAMA/I
  -------------------------------------------------------------------    -------------------

                         (clock sys_clk_pin rise edge)
                                                     10.000    10.000 r  
    W5                                                0.000    10.000 r  i_clk (IN)
                         net (fo=0)                   0.000    10.000    i_clk
    W5                   IBUF (Prop_ibuf_I_O)         1.388    11.388 r  i_clk_IBUF_inst/O
                         net (fo=1, routed)           1.862    13.250    i_clk_IBUF
    BUFGCTRL_X0Y0        BUFG (Prop_bufg_I_O)         0.091    13.341 r  i_clk_IBUF_BUFG_inst/O
                         net (fo=208, routed)         1.439    14.780    U_RV32I_CPU/U_DATAPAHT/U_REG_FILE/ram_file_reg_r2_0_31_0_5/WCLK
    SLICE_X8Y30          RAMD32                                       r  U_RV32I_CPU/U_DATAPAHT/U_REG_FILE/ram_file_reg_r2_0_31_0_5/RAMA/CLK
                         clock pessimism              0.260    15.040    
                         clock uncertainty           -0.035    15.005    
    SLICE_X8Y30          RAMD32 (Setup_ramd32_CLK_I)
                                                     -0.161    14.844    U_RV32I_CPU/U_DATAPAHT/U_REG_FILE/ram_file_reg_r2_0_31_0_5/RAMA
  -------------------------------------------------------------------
                         required time                         14.844    
                         arrival time                         -18.521    
  -------------------------------------------------------------------
                         slack                                 -3.677    

Slack (VIOLATED) :        -3.677ns  (required time - arrival time)
  Source:                 g0_b0_i_1/C
                            (rising edge-triggered cell FDRE clocked by sys_clk_pin  {rise@0.000ns fall@5.000ns period=10.000ns})
  Destination:            U_RV32I_CPU/U_DATAPAHT/U_REG_FILE/ram_file_reg_r1_0_31_0_5/RAMA/I
                            (rising edge-triggered cell RAMD32 clocked by sys_clk_pin  {rise@0.000ns fall@5.000ns period=10.000ns})
  Path Group:             sys_clk_pin
  Path Type:              Setup (Max at Slow Process Corner)
  Requirement:            10.000ns  (sys_clk_pin rise@10.000ns - sys_clk_pin rise@0.000ns)
  Data Path Delay:        13.378ns  (logic 2.359ns (17.634%)  route 11.019ns (82.366%))
  Logic Levels:           13  (LUT5=2 LUT6=9 MUXF7=1 RAMS64E=1)
  Clock Path Skew:        -0.103ns (DCD - SCD + CPR)
    Destination Clock Delay (DCD):    4.780ns = ( 14.780 - 10.000 ) 
    Source Clock Delay      (SCD):    5.143ns
    Clock Pessimism Removal (CPR):    0.260ns
  Clock Uncertainty:      0.035ns  ((TSJ^2 + TIJ^2)^1/2 + DJ) / 2 + PE
    Total System Jitter     (TSJ):    0.071ns
    Total Input Jitter      (TIJ):    0.000ns
    Discrete Jitter          (DJ):    0.000ns
    Phase Error              (PE):    0.000ns

    Location             Delay type                Incr(ns)  Path(ns)    Netlist Resource(s)
  -------------------------------------------------------------------    -------------------
                         (clock sys_clk_pin rise edge)
                                                      0.000     0.000 r  
    W5                                                0.000     0.000 r  i_clk (IN)
                         net (fo=0)                   0.000     0.000    i_clk
    W5                   IBUF (Prop_ibuf_I_O)         1.458     1.458 r  i_clk_IBUF_inst/O
                         net (fo=1, routed)           1.967     3.425    i_clk_IBUF
    BUFGCTRL_X0Y0        BUFG (Prop_bufg_I_O)         0.096     3.521 r  i_clk_IBUF_BUFG_inst/O
                         net (fo=208, routed)         1.622     5.143    i_clk_IBUF_BUFG
    SLICE_X5Y29          FDRE                                         r  g0_b0_i_1/C
  -------------------------------------------------------------------    -------------------
    SLICE_X5Y29          FDRE (Prop_fdre_C_Q)         0.456     5.599 r  g0_b0_i_1/Q
                         net (fo=18, routed)          0.884     6.484    U_RV32I_CPU/U_DATAPAHT/U_REG_FILE/Q[0]
    SLICE_X4Y30          LUT6 (Prop_lut6_I0_O)        0.124     6.608 r  U_RV32I_CPU/U_DATAPAHT/U_REG_FILE/g0_b1/O
                         net (fo=26, routed)          1.157     7.765    U_RV32I_CPU/U_DATAPAHT/U_REG_FILE/g0_b0_i_1_41
    SLICE_X3Y28          LUT5 (Prop_lut5_I0_O)        0.124     7.889 r  U_RV32I_CPU/U_DATAPAHT/U_REG_FILE/ram_file_reg_r1_0_31_0_5_i_9_replica/O
                         net (fo=3, routed)           0.433     8.322    U_RV32I_CPU/U_DATAPAHT/U_REG_FILE/g0_b0_i_1_33_repN
    SLICE_X5Y28          LUT6 (Prop_lut6_I3_O)        0.124     8.446 f  U_RV32I_CPU/U_DATAPAHT/U_REG_FILE/w_pc_imm_carry_i_14/O
                         net (fo=6, routed)           1.273     9.719    U_RV32I_CPU/U_DATAPAHT/U_REG_FILE/g0_b0_i_1_36
    SLICE_X15Y29         LUT6 (Prop_lut6_I3_O)        0.124     9.843 f  U_RV32I_CPU/U_DATAPAHT/U_REG_FILE/d_ram_reg_0_127_0_0_i_116_comp/O
                         net (fo=32, routed)          0.865    10.709    U_RV32I_CPU/U_DATAPAHT/U_REG_FILE/d_ram_reg_0_127_0_0_i_116_n_0
    SLICE_X14Y27         LUT6 (Prop_lut6_I3_O)        0.124    10.833 r  U_RV32I_CPU/U_DATAPAHT/U_REG_FILE/o_debug_OBUF[3]_inst_i_35/O
                         net (fo=2, routed)           0.942    11.775    U_RV32I_CPU/U_DATAPAHT/U_REG_FILE/o_debug_OBUF[3]_inst_i_35_n_0
    SLICE_X13Y31         LUT6 (Prop_lut6_I5_O)        0.124    11.899 f  U_RV32I_CPU/U_DATAPAHT/U_REG_FILE/o_debug_OBUF[3]_inst_i_14/O
                         net (fo=4, routed)           0.477    12.376    U_RV32I_CPU/U_DATAPAHT/U_REG_FILE/o_debug_OBUF[3]_inst_i_14_n_0
    SLICE_X15Y28         LUT6 (Prop_lut6_I3_O)        0.124    12.500 f  U_RV32I_CPU/U_DATAPAHT/U_REG_FILE/d_ram_reg_0_127_0_0_i_40/O
                         net (fo=2, routed)           0.630    13.131    U_RV32I_CPU/U_DATAPAHT/U_REG_FILE/d_ram_reg_0_127_0_0_i_40_n_0
    SLICE_X9Y26          LUT6 (Prop_lut6_I5_O)        0.124    13.255 r  U_RV32I_CPU/U_DATAPAHT/U_REG_FILE/d_ram_reg_0_127_0_0_i_11/O
                         net (fo=2, routed)           0.608    13.863    U_RV32I_CPU/U_DATAPAHT/U_REG_FILE/d_ram_reg_0_127_0_0_i_11_n_0
    SLICE_X10Y26         LUT6 (Prop_lut6_I0_O)        0.124    13.987 r  U_RV32I_CPU/U_DATAPAHT/U_REG_FILE/d_ram_reg_0_127_0_0_i_2/O
                         net (fo=64, routed)          1.566    15.553    U_DATA_RAM/d_ram_reg_0_127_24_24/A0
    SLICE_X14Y31         RAMS64E (Prop_rams64e_ADR0_O)
                                                      0.124    15.677 r  U_DATA_RAM/d_ram_reg_0_127_24_24/LOW/O
                         net (fo=1, routed)           0.000    15.677    U_DATA_RAM/d_ram_reg_0_127_24_24/O0
    SLICE_X14Y31         MUXF7 (Prop_muxf7_I0_O)      0.241    15.918 r  U_DATA_RAM/d_ram_reg_0_127_24_24/F7/O
                         net (fo=5, routed)           1.004    16.922    U_RV32I_CPU/U_DATAPAHT/U_REG_FILE/p_2_in[24]
    SLICE_X9Y24          LUT5 (Prop_lut5_I0_O)        0.298    17.220 r  U_RV32I_CPU/U_DATAPAHT/U_REG_FILE/ram_file_reg_r1_0_31_0_5_i_18/O
                         net (fo=1, routed)           0.692    17.912    U_RV32I_CPU/U_CONTROL_UNIT/U_PROGRAM_COUNTER/ram_file_reg_r2_0_31_0_5_1
    SLICE_X8Y26          LUT6 (Prop_lut6_I1_O)        0.124    18.036 r  U_RV32I_CPU/U_CONTROL_UNIT/U_PROGRAM_COUNTER/ram_file_reg_r1_0_31_0_5_i_3_comp/O
                         net (fo=2, routed)           0.485    18.521    U_RV32I_CPU/U_DATAPAHT/U_REG_FILE/ram_file_reg_r1_0_31_0_5/DIA0
    SLICE_X8Y29          RAMD32                                       r  U_RV32I_CPU/U_DATAPAHT/U_REG_FILE/ram_file_reg_r1_0_31_0_5/RAMA/I
  -------------------------------------------------------------------    -------------------

                         (clock sys_clk_pin rise edge)
                                                     10.000    10.000 r  
    W5                                                0.000    10.000 r  i_clk (IN)
                         net (fo=0)                   0.000    10.000    i_clk
    W5                   IBUF (Prop_ibuf_I_O)         1.388    11.388 r  i_clk_IBUF_inst/O
                         net (fo=1, routed)           1.862    13.250    i_clk_IBUF
    BUFGCTRL_X0Y0        BUFG (Prop_bufg_I_O)         0.091    13.341 r  i_clk_IBUF_BUFG_inst/O
                         net (fo=208, routed)         1.439    14.780    U_RV32I_CPU/U_DATAPAHT/U_REG_FILE/ram_file_reg_r1_0_31_0_5/WCLK
    SLICE_X8Y29          RAMD32                                       r  U_RV32I_CPU/U_DATAPAHT/U_REG_FILE/ram_file_reg_r1_0_31_0_5/RAMA/CLK
                         clock pessimism              0.260    15.040    
                         clock uncertainty           -0.035    15.005    
    SLICE_X8Y29          RAMD32 (Setup_ramd32_CLK_I)
                                                     -0.161    14.844    U_RV32I_CPU/U_DATAPAHT/U_REG_FILE/ram_file_reg_r1_0_31_0_5/RAMA
  -------------------------------------------------------------------
                         required time                         14.844    
                         arrival time                         -18.521    
  -------------------------------------------------------------------
                         slack                                 -3.677    

Slack (VIOLATED) :        -3.664ns  (required time - arrival time)
  Source:                 g0_b0_i_1/C
                            (rising edge-triggered cell FDRE clocked by sys_clk_pin  {rise@0.000ns fall@5.000ns period=10.000ns})
  Destination:            U_RV32I_CPU/U_DATAPAHT/U_REG_FILE/ram_file_reg_r2_0_31_12_17/RAMB/I
                            (rising edge-triggered cell RAMD32 clocked by sys_clk_pin  {rise@0.000ns fall@5.000ns period=10.000ns})
  Path Group:             sys_clk_pin
  Path Type:              Setup (Max at Slow Process Corner)
  Requirement:            10.000ns  (sys_clk_pin rise@10.000ns - sys_clk_pin rise@0.000ns)
  Data Path Delay:        13.344ns  (logic 2.359ns (17.678%)  route 10.985ns (82.321%))
  Logic Levels:           13  (LUT5=1 LUT6=10 MUXF7=1 RAMS64E=1)
  Clock Path Skew:        -0.100ns (DCD - SCD + CPR)
    Destination Clock Delay (DCD):    4.783ns = ( 14.783 - 10.000 ) 
    Source Clock Delay      (SCD):    5.143ns
    Clock Pessimism Removal (CPR):    0.260ns
  Clock Uncertainty:      0.035ns  ((TSJ^2 + TIJ^2)^1/2 + DJ) / 2 + PE
    Total System Jitter     (TSJ):    0.071ns
    Total Input Jitter      (TIJ):    0.000ns
    Discrete Jitter          (DJ):    0.000ns
    Phase Error              (PE):    0.000ns

    Location             Delay type                Incr(ns)  Path(ns)    Netlist Resource(s)
  -------------------------------------------------------------------    -------------------
                         (clock sys_clk_pin rise edge)
                                                      0.000     0.000 r  
    W5                                                0.000     0.000 r  i_clk (IN)
                         net (fo=0)                   0.000     0.000    i_clk
    W5                   IBUF (Prop_ibuf_I_O)         1.458     1.458 r  i_clk_IBUF_inst/O
                         net (fo=1, routed)           1.967     3.425    i_clk_IBUF
    BUFGCTRL_X0Y0        BUFG (Prop_bufg_I_O)         0.096     3.521 r  i_clk_IBUF_BUFG_inst/O
                         net (fo=208, routed)         1.622     5.143    i_clk_IBUF_BUFG
    SLICE_X5Y29          FDRE                                         r  g0_b0_i_1/C
  -------------------------------------------------------------------    -------------------
    SLICE_X5Y29          FDRE (Prop_fdre_C_Q)         0.456     5.599 r  g0_b0_i_1/Q
                         net (fo=18, routed)          0.884     6.484    U_RV32I_CPU/U_DATAPAHT/U_REG_FILE/Q[0]
    SLICE_X4Y30          LUT6 (Prop_lut6_I0_O)        0.124     6.608 r  U_RV32I_CPU/U_DATAPAHT/U_REG_FILE/g0_b1/O
                         net (fo=26, routed)          1.157     7.765    U_RV32I_CPU/U_DATAPAHT/U_REG_FILE/g0_b0_i_1_41
    SLICE_X3Y28          LUT5 (Prop_lut5_I0_O)        0.124     7.889 r  U_RV32I_CPU/U_DATAPAHT/U_REG_FILE/ram_file_reg_r1_0_31_0_5_i_9_replica/O
                         net (fo=3, routed)           0.433     8.322    U_RV32I_CPU/U_DATAPAHT/U_REG_FILE/g0_b0_i_1_33_repN
    SLICE_X5Y28          LUT6 (Prop_lut6_I3_O)        0.124     8.446 f  U_RV32I_CPU/U_DATAPAHT/U_REG_FILE/w_pc_imm_carry_i_14/O
                         net (fo=6, routed)           1.273     9.719    U_RV32I_CPU/U_DATAPAHT/U_REG_FILE/g0_b0_i_1_36
    SLICE_X15Y29         LUT6 (Prop_lut6_I3_O)        0.124     9.843 f  U_RV32I_CPU/U_DATAPAHT/U_REG_FILE/d_ram_reg_0_127_0_0_i_116_comp/O
                         net (fo=32, routed)          0.865    10.709    U_RV32I_CPU/U_DATAPAHT/U_REG_FILE/d_ram_reg_0_127_0_0_i_116_n_0
    SLICE_X14Y27         LUT6 (Prop_lut6_I3_O)        0.124    10.833 r  U_RV32I_CPU/U_DATAPAHT/U_REG_FILE/o_debug_OBUF[3]_inst_i_35/O
                         net (fo=2, routed)           0.942    11.775    U_RV32I_CPU/U_DATAPAHT/U_REG_FILE/o_debug_OBUF[3]_inst_i_35_n_0
    SLICE_X13Y31         LUT6 (Prop_lut6_I5_O)        0.124    11.899 f  U_RV32I_CPU/U_DATAPAHT/U_REG_FILE/o_debug_OBUF[3]_inst_i_14/O
                         net (fo=4, routed)           0.477    12.376    U_RV32I_CPU/U_DATAPAHT/U_REG_FILE/o_debug_OBUF[3]_inst_i_14_n_0
    SLICE_X15Y28         LUT6 (Prop_lut6_I3_O)        0.124    12.500 f  U_RV32I_CPU/U_DATAPAHT/U_REG_FILE/d_ram_reg_0_127_0_0_i_40/O
                         net (fo=2, routed)           0.630    13.131    U_RV32I_CPU/U_DATAPAHT/U_REG_FILE/d_ram_reg_0_127_0_0_i_40_n_0
    SLICE_X9Y26          LUT6 (Prop_lut6_I5_O)        0.124    13.255 r  U_RV32I_CPU/U_DATAPAHT/U_REG_FILE/d_ram_reg_0_127_0_0_i_11/O
                         net (fo=2, routed)           0.608    13.863    U_RV32I_CPU/U_DATAPAHT/U_REG_FILE/d_ram_reg_0_127_0_0_i_11_n_0
    SLICE_X10Y26         LUT6 (Prop_lut6_I0_O)        0.124    13.987 r  U_RV32I_CPU/U_DATAPAHT/U_REG_FILE/d_ram_reg_0_127_0_0_i_2/O
                         net (fo=64, routed)          1.396    15.383    U_DATA_RAM/d_ram_reg_0_127_15_15/A0
    SLICE_X10Y30         RAMS64E (Prop_rams64e_ADR0_O)
                                                      0.124    15.507 r  U_DATA_RAM/d_ram_reg_0_127_15_15/LOW/O
                         net (fo=1, routed)           0.000    15.507    U_DATA_RAM/d_ram_reg_0_127_15_15/O0
    SLICE_X10Y30         MUXF7 (Prop_muxf7_I0_O)      0.241    15.748 r  U_DATA_RAM/d_ram_reg_0_127_15_15/F7/O
                         net (fo=6, routed)           0.773    16.521    U_DATA_RAM/p_2_in[15]
    SLICE_X9Y29          LUT6 (Prop_lut6_I2_O)        0.298    16.819 r  U_DATA_RAM/ram_file_reg_r1_0_31_6_11_i_9/O
                         net (fo=25, routed)          0.869    17.688    U_DATA_RAM/d_ram_reg_0_127_23_23_0
    SLICE_X8Y28          LUT6 (Prop_lut6_I1_O)        0.124    17.812 r  U_DATA_RAM/ram_file_reg_r1_0_31_12_17_i_4/O
                         net (fo=2, routed)           0.675    18.487    U_RV32I_CPU/U_DATAPAHT/U_REG_FILE/ram_file_reg_r2_0_31_12_17/DIB0
    SLICE_X8Y32          RAMD32                                       r  U_RV32I_CPU/U_DATAPAHT/U_REG_FILE/ram_file_reg_r2_0_31_12_17/RAMB/I
  -------------------------------------------------------------------    -------------------

                         (clock sys_clk_pin rise edge)
                                                     10.000    10.000 r  
    W5                                                0.000    10.000 r  i_clk (IN)
                         net (fo=0)                   0.000    10.000    i_clk
    W5                   IBUF (Prop_ibuf_I_O)         1.388    11.388 r  i_clk_IBUF_inst/O
                         net (fo=1, routed)           1.862    13.250    i_clk_IBUF
    BUFGCTRL_X0Y0        BUFG (Prop_bufg_I_O)         0.091    13.341 r  i_clk_IBUF_BUFG_inst/O
                         net (fo=208, routed)         1.442    14.783    U_RV32I_CPU/U_DATAPAHT/U_REG_FILE/ram_file_reg_r2_0_31_12_17/WCLK
    SLICE_X8Y32          RAMD32                                       r  U_RV32I_CPU/U_DATAPAHT/U_REG_FILE/ram_file_reg_r2_0_31_12_17/RAMB/CLK
                         clock pessimism              0.260    15.043    
                         clock uncertainty           -0.035    15.008    
    SLICE_X8Y32          RAMD32 (Setup_ramd32_CLK_I)
                                                     -0.185    14.823    U_RV32I_CPU/U_DATAPAHT/U_REG_FILE/ram_file_reg_r2_0_31_12_17/RAMB
  -------------------------------------------------------------------
                         required time                         14.823    
                         arrival time                         -18.487    
  -------------------------------------------------------------------
                         slack                                 -3.664    

Slack (VIOLATED) :        -3.637ns  (required time - arrival time)
  Source:                 g0_b0_i_1/C
                            (rising edge-triggered cell FDRE clocked by sys_clk_pin  {rise@0.000ns fall@5.000ns period=10.000ns})
  Destination:            U_RV32I_CPU/U_DATAPAHT/U_REG_FILE/ram_file_reg_r1_0_31_12_17/RAMC_D1/I
                            (rising edge-triggered cell RAMD32 clocked by sys_clk_pin  {rise@0.000ns fall@5.000ns period=10.000ns})
  Path Group:             sys_clk_pin
  Path Type:              Setup (Max at Slow Process Corner)
  Requirement:            10.000ns  (sys_clk_pin rise@10.000ns - sys_clk_pin rise@0.000ns)
  Data Path Delay:        13.255ns  (logic 2.359ns (17.797%)  route 10.896ns (82.203%))
  Logic Levels:           13  (LUT5=1 LUT6=10 MUXF7=1 RAMS64E=1)
  Clock Path Skew:        -0.098ns (DCD - SCD + CPR)
    Destination Clock Delay (DCD):    4.785ns = ( 14.785 - 10.000 ) 
    Source Clock Delay      (SCD):    5.143ns
    Clock Pessimism Removal (CPR):    0.260ns
  Clock Uncertainty:      0.035ns  ((TSJ^2 + TIJ^2)^1/2 + DJ) / 2 + PE
    Total System Jitter     (TSJ):    0.071ns
    Total Input Jitter      (TIJ):    0.000ns
    Discrete Jitter          (DJ):    0.000ns
    Phase Error              (PE):    0.000ns

    Location             Delay type                Incr(ns)  Path(ns)    Netlist Resource(s)
  -------------------------------------------------------------------    -------------------
                         (clock sys_clk_pin rise edge)
                                                      0.000     0.000 r  
    W5                                                0.000     0.000 r  i_clk (IN)
                         net (fo=0)                   0.000     0.000    i_clk
    W5                   IBUF (Prop_ibuf_I_O)         1.458     1.458 r  i_clk_IBUF_inst/O
                         net (fo=1, routed)           1.967     3.425    i_clk_IBUF
    BUFGCTRL_X0Y0        BUFG (Prop_bufg_I_O)         0.096     3.521 r  i_clk_IBUF_BUFG_inst/O
                         net (fo=208, routed)         1.622     5.143    i_clk_IBUF_BUFG
    SLICE_X5Y29          FDRE                                         r  g0_b0_i_1/C
  -------------------------------------------------------------------    -------------------
    SLICE_X5Y29          FDRE (Prop_fdre_C_Q)         0.456     5.599 r  g0_b0_i_1/Q
                         net (fo=18, routed)          0.884     6.484    U_RV32I_CPU/U_DATAPAHT/U_REG_FILE/Q[0]
    SLICE_X4Y30          LUT6 (Prop_lut6_I0_O)        0.124     6.608 r  U_RV32I_CPU/U_DATAPAHT/U_REG_FILE/g0_b1/O
                         net (fo=26, routed)          1.157     7.765    U_RV32I_CPU/U_DATAPAHT/U_REG_FILE/g0_b0_i_1_41
    SLICE_X3Y28          LUT5 (Prop_lut5_I0_O)        0.124     7.889 r  U_RV32I_CPU/U_DATAPAHT/U_REG_FILE/ram_file_reg_r1_0_31_0_5_i_9_replica/O
                         net (fo=3, routed)           0.433     8.322    U_RV32I_CPU/U_DATAPAHT/U_REG_FILE/g0_b0_i_1_33_repN
    SLICE_X5Y28          LUT6 (Prop_lut6_I3_O)        0.124     8.446 f  U_RV32I_CPU/U_DATAPAHT/U_REG_FILE/w_pc_imm_carry_i_14/O
                         net (fo=6, routed)           1.273     9.719    U_RV32I_CPU/U_DATAPAHT/U_REG_FILE/g0_b0_i_1_36
    SLICE_X15Y29         LUT6 (Prop_lut6_I3_O)        0.124     9.843 f  U_RV32I_CPU/U_DATAPAHT/U_REG_FILE/d_ram_reg_0_127_0_0_i_116_comp/O
                         net (fo=32, routed)          0.865    10.709    U_RV32I_CPU/U_DATAPAHT/U_REG_FILE/d_ram_reg_0_127_0_0_i_116_n_0
    SLICE_X14Y27         LUT6 (Prop_lut6_I3_O)        0.124    10.833 r  U_RV32I_CPU/U_DATAPAHT/U_REG_FILE/o_debug_OBUF[3]_inst_i_35/O
                         net (fo=2, routed)           0.942    11.775    U_RV32I_CPU/U_DATAPAHT/U_REG_FILE/o_debug_OBUF[3]_inst_i_35_n_0
    SLICE_X13Y31         LUT6 (Prop_lut6_I5_O)        0.124    11.899 f  U_RV32I_CPU/U_DATAPAHT/U_REG_FILE/o_debug_OBUF[3]_inst_i_14/O
                         net (fo=4, routed)           0.477    12.376    U_RV32I_CPU/U_DATAPAHT/U_REG_FILE/o_debug_OBUF[3]_inst_i_14_n_0
    SLICE_X15Y28         LUT6 (Prop_lut6_I3_O)        0.124    12.500 f  U_RV32I_CPU/U_DATAPAHT/U_REG_FILE/d_ram_reg_0_127_0_0_i_40/O
                         net (fo=2, routed)           0.630    13.131    U_RV32I_CPU/U_DATAPAHT/U_REG_FILE/d_ram_reg_0_127_0_0_i_40_n_0
    SLICE_X9Y26          LUT6 (Prop_lut6_I5_O)        0.124    13.255 r  U_RV32I_CPU/U_DATAPAHT/U_REG_FILE/d_ram_reg_0_127_0_0_i_11/O
                         net (fo=2, routed)           0.608    13.863    U_RV32I_CPU/U_DATAPAHT/U_REG_FILE/d_ram_reg_0_127_0_0_i_11_n_0
    SLICE_X10Y26         LUT6 (Prop_lut6_I0_O)        0.124    13.987 r  U_RV32I_CPU/U_DATAPAHT/U_REG_FILE/d_ram_reg_0_127_0_0_i_2/O
                         net (fo=64, routed)          1.396    15.383    U_DATA_RAM/d_ram_reg_0_127_15_15/A0
    SLICE_X10Y30         RAMS64E (Prop_rams64e_ADR0_O)
                                                      0.124    15.507 r  U_DATA_RAM/d_ram_reg_0_127_15_15/LOW/O
                         net (fo=1, routed)           0.000    15.507    U_DATA_RAM/d_ram_reg_0_127_15_15/O0
    SLICE_X10Y30         MUXF7 (Prop_muxf7_I0_O)      0.241    15.748 r  U_DATA_RAM/d_ram_reg_0_127_15_15/F7/O
                         net (fo=6, routed)           0.773    16.521    U_DATA_RAM/p_2_in[15]
    SLICE_X9Y29          LUT6 (Prop_lut6_I2_O)        0.298    16.819 r  U_DATA_RAM/ram_file_reg_r1_0_31_6_11_i_9/O
                         net (fo=25, routed)          0.690    17.509    U_DATA_RAM/d_ram_reg_0_127_23_23_0
    SLICE_X9Y31          LUT6 (Prop_lut6_I2_O)        0.124    17.633 r  U_DATA_RAM/ram_file_reg_r1_0_31_12_17_i_5/O
                         net (fo=2, routed)           0.765    18.398    U_RV32I_CPU/U_DATAPAHT/U_REG_FILE/ram_file_reg_r1_0_31_12_17/DIC1
    SLICE_X8Y34          RAMD32                                       r  U_RV32I_CPU/U_DATAPAHT/U_REG_FILE/ram_file_reg_r1_0_31_12_17/RAMC_D1/I
  -------------------------------------------------------------------    -------------------

                         (clock sys_clk_pin rise edge)
                                                     10.000    10.000 r  
    W5                                                0.000    10.000 r  i_clk (IN)
                         net (fo=0)                   0.000    10.000    i_clk
    W5                   IBUF (Prop_ibuf_I_O)         1.388    11.388 r  i_clk_IBUF_inst/O
                         net (fo=1, routed)           1.862    13.250    i_clk_IBUF
    BUFGCTRL_X0Y0        BUFG (Prop_bufg_I_O)         0.091    13.341 r  i_clk_IBUF_BUFG_inst/O
                         net (fo=208, routed)         1.444    14.785    U_RV32I_CPU/U_DATAPAHT/U_REG_FILE/ram_file_reg_r1_0_31_12_17/WCLK
    SLICE_X8Y34          RAMD32                                       r  U_RV32I_CPU/U_DATAPAHT/U_REG_FILE/ram_file_reg_r1_0_31_12_17/RAMC_D1/CLK
                         clock pessimism              0.260    15.045    
                         clock uncertainty           -0.035    15.010    
    SLICE_X8Y34          RAMD32 (Setup_ramd32_CLK_I)
                                                     -0.249    14.761    U_RV32I_CPU/U_DATAPAHT/U_REG_FILE/ram_file_reg_r1_0_31_12_17/RAMC_D1
  -------------------------------------------------------------------
                         required time                         14.761    
                         arrival time                         -18.398    
  -------------------------------------------------------------------
                         slack                                 -3.637    

Slack (VIOLATED) :        -3.601ns  (required time - arrival time)
  Source:                 g0_b0_i_1/C
                            (rising edge-triggered cell FDRE clocked by sys_clk_pin  {rise@0.000ns fall@5.000ns period=10.000ns})
  Destination:            U_RV32I_CPU/U_DATAPAHT/U_REG_FILE/ram_file_reg_r2_0_31_6_11/RAMB_D1/I
                            (rising edge-triggered cell RAMD32 clocked by sys_clk_pin  {rise@0.000ns fall@5.000ns period=10.000ns})
  Path Group:             sys_clk_pin
  Path Type:              Setup (Max at Slow Process Corner)
  Requirement:            10.000ns  (sys_clk_pin rise@10.000ns - sys_clk_pin rise@0.000ns)
  Data Path Delay:        13.239ns  (logic 2.359ns (17.819%)  route 10.880ns (82.181%))
  Logic Levels:           13  (LUT5=1 LUT6=10 MUXF7=1 RAMS64E=1)
  Clock Path Skew:        -0.099ns (DCD - SCD + CPR)
    Destination Clock Delay (DCD):    4.784ns = ( 14.784 - 10.000 ) 
    Source Clock Delay      (SCD):    5.143ns
    Clock Pessimism Removal (CPR):    0.260ns
  Clock Uncertainty:      0.035ns  ((TSJ^2 + TIJ^2)^1/2 + DJ) / 2 + PE
    Total System Jitter     (TSJ):    0.071ns
    Total Input Jitter      (TIJ):    0.000ns
    Discrete Jitter          (DJ):    0.000ns
    Phase Error              (PE):    0.000ns

    Location             Delay type                Incr(ns)  Path(ns)    Netlist Resource(s)
  -------------------------------------------------------------------    -------------------
                         (clock sys_clk_pin rise edge)
                                                      0.000     0.000 r  
    W5                                                0.000     0.000 r  i_clk (IN)
                         net (fo=0)                   0.000     0.000    i_clk
    W5                   IBUF (Prop_ibuf_I_O)         1.458     1.458 r  i_clk_IBUF_inst/O
                         net (fo=1, routed)           1.967     3.425    i_clk_IBUF
    BUFGCTRL_X0Y0        BUFG (Prop_bufg_I_O)         0.096     3.521 r  i_clk_IBUF_BUFG_inst/O
                         net (fo=208, routed)         1.622     5.143    i_clk_IBUF_BUFG
    SLICE_X5Y29          FDRE                                         r  g0_b0_i_1/C
  -------------------------------------------------------------------    -------------------
    SLICE_X5Y29          FDRE (Prop_fdre_C_Q)         0.456     5.599 r  g0_b0_i_1/Q
                         net (fo=18, routed)          0.884     6.484    U_RV32I_CPU/U_DATAPAHT/U_REG_FILE/Q[0]
    SLICE_X4Y30          LUT6 (Prop_lut6_I0_O)        0.124     6.608 r  U_RV32I_CPU/U_DATAPAHT/U_REG_FILE/g0_b1/O
                         net (fo=26, routed)          1.157     7.765    U_RV32I_CPU/U_DATAPAHT/U_REG_FILE/g0_b0_i_1_41
    SLICE_X3Y28          LUT5 (Prop_lut5_I0_O)        0.124     7.889 r  U_RV32I_CPU/U_DATAPAHT/U_REG_FILE/ram_file_reg_r1_0_31_0_5_i_9_replica/O
                         net (fo=3, routed)           0.433     8.322    U_RV32I_CPU/U_DATAPAHT/U_REG_FILE/g0_b0_i_1_33_repN
    SLICE_X5Y28          LUT6 (Prop_lut6_I3_O)        0.124     8.446 f  U_RV32I_CPU/U_DATAPAHT/U_REG_FILE/w_pc_imm_carry_i_14/O
                         net (fo=6, routed)           1.273     9.719    U_RV32I_CPU/U_DATAPAHT/U_REG_FILE/g0_b0_i_1_36
    SLICE_X15Y29         LUT6 (Prop_lut6_I3_O)        0.124     9.843 f  U_RV32I_CPU/U_DATAPAHT/U_REG_FILE/d_ram_reg_0_127_0_0_i_116_comp/O
                         net (fo=32, routed)          0.865    10.709    U_RV32I_CPU/U_DATAPAHT/U_REG_FILE/d_ram_reg_0_127_0_0_i_116_n_0
    SLICE_X14Y27         LUT6 (Prop_lut6_I3_O)        0.124    10.833 r  U_RV32I_CPU/U_DATAPAHT/U_REG_FILE/o_debug_OBUF[3]_inst_i_35/O
                         net (fo=2, routed)           0.942    11.775    U_RV32I_CPU/U_DATAPAHT/U_REG_FILE/o_debug_OBUF[3]_inst_i_35_n_0
    SLICE_X13Y31         LUT6 (Prop_lut6_I5_O)        0.124    11.899 f  U_RV32I_CPU/U_DATAPAHT/U_REG_FILE/o_debug_OBUF[3]_inst_i_14/O
                         net (fo=4, routed)           0.477    12.376    U_RV32I_CPU/U_DATAPAHT/U_REG_FILE/o_debug_OBUF[3]_inst_i_14_n_0
    SLICE_X15Y28         LUT6 (Prop_lut6_I3_O)        0.124    12.500 f  U_RV32I_CPU/U_DATAPAHT/U_REG_FILE/d_ram_reg_0_127_0_0_i_40/O
                         net (fo=2, routed)           0.630    13.131    U_RV32I_CPU/U_DATAPAHT/U_REG_FILE/d_ram_reg_0_127_0_0_i_40_n_0
    SLICE_X9Y26          LUT6 (Prop_lut6_I5_O)        0.124    13.255 r  U_RV32I_CPU/U_DATAPAHT/U_REG_FILE/d_ram_reg_0_127_0_0_i_11/O
                         net (fo=2, routed)           0.608    13.863    U_RV32I_CPU/U_DATAPAHT/U_REG_FILE/d_ram_reg_0_127_0_0_i_11_n_0
    SLICE_X10Y26         LUT6 (Prop_lut6_I0_O)        0.124    13.987 r  U_RV32I_CPU/U_DATAPAHT/U_REG_FILE/d_ram_reg_0_127_0_0_i_2/O
                         net (fo=64, routed)          1.396    15.383    U_DATA_RAM/d_ram_reg_0_127_15_15/A0
    SLICE_X10Y30         RAMS64E (Prop_rams64e_ADR0_O)
                                                      0.124    15.507 r  U_DATA_RAM/d_ram_reg_0_127_15_15/LOW/O
                         net (fo=1, routed)           0.000    15.507    U_DATA_RAM/d_ram_reg_0_127_15_15/O0
    SLICE_X10Y30         MUXF7 (Prop_muxf7_I0_O)      0.241    15.748 r  U_DATA_RAM/d_ram_reg_0_127_15_15/F7/O
                         net (fo=6, routed)           0.773    16.521    U_DATA_RAM/p_2_in[15]
    SLICE_X9Y29          LUT6 (Prop_lut6_I2_O)        0.298    16.819 r  U_DATA_RAM/ram_file_reg_r1_0_31_6_11_i_9/O
                         net (fo=25, routed)          0.808    17.627    U_DATA_RAM/d_ram_reg_0_127_23_23_0
    SLICE_X11Y32         LUT6 (Prop_lut6_I1_O)        0.124    17.751 r  U_DATA_RAM/ram_file_reg_r1_0_31_6_11_i_3/O
                         net (fo=2, routed)           0.631    18.382    U_RV32I_CPU/U_DATAPAHT/U_REG_FILE/ram_file_reg_r2_0_31_6_11/DIB1
    SLICE_X12Y33         RAMD32                                       r  U_RV32I_CPU/U_DATAPAHT/U_REG_FILE/ram_file_reg_r2_0_31_6_11/RAMB_D1/I
  -------------------------------------------------------------------    -------------------

                         (clock sys_clk_pin rise edge)
                                                     10.000    10.000 r  
    W5                                                0.000    10.000 r  i_clk (IN)
                         net (fo=0)                   0.000    10.000    i_clk
    W5                   IBUF (Prop_ibuf_I_O)         1.388    11.388 r  i_clk_IBUF_inst/O
                         net (fo=1, routed)           1.862    13.250    i_clk_IBUF
    BUFGCTRL_X0Y0        BUFG (Prop_bufg_I_O)         0.091    13.341 r  i_clk_IBUF_BUFG_inst/O
                         net (fo=208, routed)         1.443    14.784    U_RV32I_CPU/U_DATAPAHT/U_REG_FILE/ram_file_reg_r2_0_31_6_11/WCLK
    SLICE_X12Y33         RAMD32                                       r  U_RV32I_CPU/U_DATAPAHT/U_REG_FILE/ram_file_reg_r2_0_31_6_11/RAMB_D1/CLK
                         clock pessimism              0.260    15.044    
                         clock uncertainty           -0.035    15.009    
    SLICE_X12Y33         RAMD32 (Setup_ramd32_CLK_I)
                                                     -0.228    14.781    U_RV32I_CPU/U_DATAPAHT/U_REG_FILE/ram_file_reg_r2_0_31_6_11/RAMB_D1
  -------------------------------------------------------------------
                         required time                         14.781    
                         arrival time                         -18.382    
  -------------------------------------------------------------------
                         slack                                 -3.601    

Slack (VIOLATED) :        -3.586ns  (required time - arrival time)
  Source:                 g0_b0_i_1/C
                            (rising edge-triggered cell FDRE clocked by sys_clk_pin  {rise@0.000ns fall@5.000ns period=10.000ns})
  Destination:            U_RV32I_CPU/U_DATAPAHT/U_REG_FILE/ram_file_reg_r2_0_31_18_23/RAMA/I
                            (rising edge-triggered cell RAMD32 clocked by sys_clk_pin  {rise@0.000ns fall@5.000ns period=10.000ns})
  Path Group:             sys_clk_pin
  Path Type:              Setup (Max at Slow Process Corner)
  Requirement:            10.000ns  (sys_clk_pin rise@10.000ns - sys_clk_pin rise@0.000ns)
  Data Path Delay:        13.291ns  (logic 2.631ns (19.794%)  route 10.660ns (80.206%))
  Logic Levels:           13  (LUT5=1 LUT6=10 MUXF7=1 RAMS64E=1)
  Clock Path Skew:        -0.099ns (DCD - SCD + CPR)
    Destination Clock Delay (DCD):    4.784ns = ( 14.784 - 10.000 ) 
    Source Clock Delay      (SCD):    5.143ns
    Clock Pessimism Removal (CPR):    0.260ns
  Clock Uncertainty:      0.035ns  ((TSJ^2 + TIJ^2)^1/2 + DJ) / 2 + PE
    Total System Jitter     (TSJ):    0.071ns
    Total Input Jitter      (TIJ):    0.000ns
    Discrete Jitter          (DJ):    0.000ns
    Phase Error              (PE):    0.000ns

    Location             Delay type                Incr(ns)  Path(ns)    Netlist Resource(s)
  -------------------------------------------------------------------    -------------------
                         (clock sys_clk_pin rise edge)
                                                      0.000     0.000 r  
    W5                                                0.000     0.000 r  i_clk (IN)
                         net (fo=0)                   0.000     0.000    i_clk
    W5                   IBUF (Prop_ibuf_I_O)         1.458     1.458 r  i_clk_IBUF_inst/O
                         net (fo=1, routed)           1.967     3.425    i_clk_IBUF
    BUFGCTRL_X0Y0        BUFG (Prop_bufg_I_O)         0.096     3.521 r  i_clk_IBUF_BUFG_inst/O
                         net (fo=208, routed)         1.622     5.143    i_clk_IBUF_BUFG
    SLICE_X5Y29          FDRE                                         r  g0_b0_i_1/C
  -------------------------------------------------------------------    -------------------
    SLICE_X5Y29          FDRE (Prop_fdre_C_Q)         0.456     5.599 r  g0_b0_i_1/Q
                         net (fo=18, routed)          0.884     6.484    U_RV32I_CPU/U_DATAPAHT/U_REG_FILE/Q[0]
    SLICE_X4Y30          LUT6 (Prop_lut6_I0_O)        0.124     6.608 r  U_RV32I_CPU/U_DATAPAHT/U_REG_FILE/g0_b1/O
                         net (fo=26, routed)          1.157     7.765    U_RV32I_CPU/U_DATAPAHT/U_REG_FILE/g0_b0_i_1_41
    SLICE_X3Y28          LUT5 (Prop_lut5_I0_O)        0.124     7.889 r  U_RV32I_CPU/U_DATAPAHT/U_REG_FILE/ram_file_reg_r1_0_31_0_5_i_9_replica/O
                         net (fo=3, routed)           0.433     8.322    U_RV32I_CPU/U_DATAPAHT/U_REG_FILE/g0_b0_i_1_33_repN
    SLICE_X5Y28          LUT6 (Prop_lut6_I3_O)        0.124     8.446 f  U_RV32I_CPU/U_DATAPAHT/U_REG_FILE/w_pc_imm_carry_i_14/O
                         net (fo=6, routed)           1.273     9.719    U_RV32I_CPU/U_DATAPAHT/U_REG_FILE/g0_b0_i_1_36
    SLICE_X15Y29         LUT6 (Prop_lut6_I3_O)        0.124     9.843 f  U_RV32I_CPU/U_DATAPAHT/U_REG_FILE/d_ram_reg_0_127_0_0_i_116_comp/O
                         net (fo=32, routed)          0.865    10.709    U_RV32I_CPU/U_DATAPAHT/U_REG_FILE/d_ram_reg_0_127_0_0_i_116_n_0
    SLICE_X14Y27         LUT6 (Prop_lut6_I3_O)        0.124    10.833 r  U_RV32I_CPU/U_DATAPAHT/U_REG_FILE/o_debug_OBUF[3]_inst_i_35/O
                         net (fo=2, routed)           0.942    11.775    U_RV32I_CPU/U_DATAPAHT/U_REG_FILE/o_debug_OBUF[3]_inst_i_35_n_0
    SLICE_X13Y31         LUT6 (Prop_lut6_I5_O)        0.124    11.899 f  U_RV32I_CPU/U_DATAPAHT/U_REG_FILE/o_debug_OBUF[3]_inst_i_14/O
                         net (fo=4, routed)           0.477    12.376    U_RV32I_CPU/U_DATAPAHT/U_REG_FILE/o_debug_OBUF[3]_inst_i_14_n_0
    SLICE_X15Y28         LUT6 (Prop_lut6_I3_O)        0.124    12.500 f  U_RV32I_CPU/U_DATAPAHT/U_REG_FILE/d_ram_reg_0_127_0_0_i_40/O
                         net (fo=2, routed)           0.630    13.131    U_RV32I_CPU/U_DATAPAHT/U_REG_FILE/d_ram_reg_0_127_0_0_i_40_n_0
    SLICE_X9Y26          LUT6 (Prop_lut6_I5_O)        0.124    13.255 r  U_RV32I_CPU/U_DATAPAHT/U_REG_FILE/d_ram_reg_0_127_0_0_i_11/O
                         net (fo=2, routed)           0.608    13.863    U_RV32I_CPU/U_DATAPAHT/U_REG_FILE/d_ram_reg_0_127_0_0_i_11_n_0
    SLICE_X10Y26         LUT6 (Prop_lut6_I0_O)        0.124    13.987 r  U_RV32I_CPU/U_DATAPAHT/U_REG_FILE/d_ram_reg_0_127_0_0_i_2/O
                         net (fo=64, routed)          1.504    15.491    U_DATA_RAM/d_ram_reg_0_127_18_18/A0
    SLICE_X12Y34         RAMS64E (Prop_rams64e_ADR0_O)
                                                      0.424    15.915 r  U_DATA_RAM/d_ram_reg_0_127_18_18/HIGH/O
                         net (fo=1, routed)           0.000    15.915    U_DATA_RAM/d_ram_reg_0_127_18_18/O1
    SLICE_X12Y34         MUXF7 (Prop_muxf7_I1_O)      0.214    16.129 r  U_DATA_RAM/d_ram_reg_0_127_18_18/F7/O
                         net (fo=3, routed)           0.778    16.906    U_RV32I_CPU/U_DATAPAHT/U_REG_FILE/p_2_in[18]
    SLICE_X9Y34          LUT6 (Prop_lut6_I4_O)        0.297    17.203 r  U_RV32I_CPU/U_DATAPAHT/U_REG_FILE/ram_file_reg_r1_0_31_18_23_i_8/O
                         net (fo=1, routed)           0.575    17.778    U_DATA_RAM/ram_file_reg_r1_0_31_18_23_0
    SLICE_X9Y32          LUT6 (Prop_lut6_I5_O)        0.124    17.902 r  U_DATA_RAM/ram_file_reg_r1_0_31_18_23_i_2/O
                         net (fo=2, routed)           0.532    18.434    U_RV32I_CPU/U_DATAPAHT/U_REG_FILE/ram_file_reg_r2_0_31_18_23/DIA0
    SLICE_X8Y33          RAMD32                                       r  U_RV32I_CPU/U_DATAPAHT/U_REG_FILE/ram_file_reg_r2_0_31_18_23/RAMA/I
  -------------------------------------------------------------------    -------------------

                         (clock sys_clk_pin rise edge)
                                                     10.000    10.000 r  
    W5                                                0.000    10.000 r  i_clk (IN)
                         net (fo=0)                   0.000    10.000    i_clk
    W5                   IBUF (Prop_ibuf_I_O)         1.388    11.388 r  i_clk_IBUF_inst/O
                         net (fo=1, routed)           1.862    13.250    i_clk_IBUF
    BUFGCTRL_X0Y0        BUFG (Prop_bufg_I_O)         0.091    13.341 r  i_clk_IBUF_BUFG_inst/O
                         net (fo=208, routed)         1.443    14.784    U_RV32I_CPU/U_DATAPAHT/U_REG_FILE/ram_file_reg_r2_0_31_18_23/WCLK
    SLICE_X8Y33          RAMD32                                       r  U_RV32I_CPU/U_DATAPAHT/U_REG_FILE/ram_file_reg_r2_0_31_18_23/RAMA/CLK
                         clock pessimism              0.260    15.044    
                         clock uncertainty           -0.035    15.009    
    SLICE_X8Y33          RAMD32 (Setup_ramd32_CLK_I)
                                                     -0.161    14.848    U_RV32I_CPU/U_DATAPAHT/U_REG_FILE/ram_file_reg_r2_0_31_18_23/RAMA
  -------------------------------------------------------------------
                         required time                         14.848    
                         arrival time                         -18.434    
  -------------------------------------------------------------------
                         slack                                 -3.586    

Slack (VIOLATED) :        -3.569ns  (required time - arrival time)
  Source:                 g0_b0_i_1/C
                            (rising edge-triggered cell FDRE clocked by sys_clk_pin  {rise@0.000ns fall@5.000ns period=10.000ns})
  Destination:            U_RV32I_CPU/U_DATAPAHT/U_REG_FILE/ram_file_reg_r2_0_31_6_11/RAMA_D1/I
                            (rising edge-triggered cell RAMD32 clocked by sys_clk_pin  {rise@0.000ns fall@5.000ns period=10.000ns})
  Path Group:             sys_clk_pin
  Path Type:              Setup (Max at Slow Process Corner)
  Requirement:            10.000ns  (sys_clk_pin rise@10.000ns - sys_clk_pin rise@0.000ns)
  Data Path Delay:        13.177ns  (logic 2.359ns (17.903%)  route 10.818ns (82.097%))
  Logic Levels:           13  (LUT5=1 LUT6=10 MUXF7=1 RAMS64E=1)
  Clock Path Skew:        -0.099ns (DCD - SCD + CPR)
    Destination Clock Delay (DCD):    4.784ns = ( 14.784 - 10.000 ) 
    Source Clock Delay      (SCD):    5.143ns
    Clock Pessimism Removal (CPR):    0.260ns
  Clock Uncertainty:      0.035ns  ((TSJ^2 + TIJ^2)^1/2 + DJ) / 2 + PE
    Total System Jitter     (TSJ):    0.071ns
    Total Input Jitter      (TIJ):    0.000ns
    Discrete Jitter          (DJ):    0.000ns
    Phase Error              (PE):    0.000ns

    Location             Delay type                Incr(ns)  Path(ns)    Netlist Resource(s)
  -------------------------------------------------------------------    -------------------
                         (clock sys_clk_pin rise edge)
                                                      0.000     0.000 r  
    W5                                                0.000     0.000 r  i_clk (IN)
                         net (fo=0)                   0.000     0.000    i_clk
    W5                   IBUF (Prop_ibuf_I_O)         1.458     1.458 r  i_clk_IBUF_inst/O
                         net (fo=1, routed)           1.967     3.425    i_clk_IBUF
    BUFGCTRL_X0Y0        BUFG (Prop_bufg_I_O)         0.096     3.521 r  i_clk_IBUF_BUFG_inst/O
                         net (fo=208, routed)         1.622     5.143    i_clk_IBUF_BUFG
    SLICE_X5Y29          FDRE                                         r  g0_b0_i_1/C
  -------------------------------------------------------------------    -------------------
    SLICE_X5Y29          FDRE (Prop_fdre_C_Q)         0.456     5.599 r  g0_b0_i_1/Q
                         net (fo=18, routed)          0.884     6.484    U_RV32I_CPU/U_DATAPAHT/U_REG_FILE/Q[0]
    SLICE_X4Y30          LUT6 (Prop_lut6_I0_O)        0.124     6.608 r  U_RV32I_CPU/U_DATAPAHT/U_REG_FILE/g0_b1/O
                         net (fo=26, routed)          1.157     7.765    U_RV32I_CPU/U_DATAPAHT/U_REG_FILE/g0_b0_i_1_41
    SLICE_X3Y28          LUT5 (Prop_lut5_I0_O)        0.124     7.889 r  U_RV32I_CPU/U_DATAPAHT/U_REG_FILE/ram_file_reg_r1_0_31_0_5_i_9_replica/O
                         net (fo=3, routed)           0.433     8.322    U_RV32I_CPU/U_DATAPAHT/U_REG_FILE/g0_b0_i_1_33_repN
    SLICE_X5Y28          LUT6 (Prop_lut6_I3_O)        0.124     8.446 f  U_RV32I_CPU/U_DATAPAHT/U_REG_FILE/w_pc_imm_carry_i_14/O
                         net (fo=6, routed)           1.273     9.719    U_RV32I_CPU/U_DATAPAHT/U_REG_FILE/g0_b0_i_1_36
    SLICE_X15Y29         LUT6 (Prop_lut6_I3_O)        0.124     9.843 f  U_RV32I_CPU/U_DATAPAHT/U_REG_FILE/d_ram_reg_0_127_0_0_i_116_comp/O
                         net (fo=32, routed)          0.865    10.709    U_RV32I_CPU/U_DATAPAHT/U_REG_FILE/d_ram_reg_0_127_0_0_i_116_n_0
    SLICE_X14Y27         LUT6 (Prop_lut6_I3_O)        0.124    10.833 r  U_RV32I_CPU/U_DATAPAHT/U_REG_FILE/o_debug_OBUF[3]_inst_i_35/O
                         net (fo=2, routed)           0.942    11.775    U_RV32I_CPU/U_DATAPAHT/U_REG_FILE/o_debug_OBUF[3]_inst_i_35_n_0
    SLICE_X13Y31         LUT6 (Prop_lut6_I5_O)        0.124    11.899 f  U_RV32I_CPU/U_DATAPAHT/U_REG_FILE/o_debug_OBUF[3]_inst_i_14/O
                         net (fo=4, routed)           0.477    12.376    U_RV32I_CPU/U_DATAPAHT/U_REG_FILE/o_debug_OBUF[3]_inst_i_14_n_0
    SLICE_X15Y28         LUT6 (Prop_lut6_I3_O)        0.124    12.500 f  U_RV32I_CPU/U_DATAPAHT/U_REG_FILE/d_ram_reg_0_127_0_0_i_40/O
                         net (fo=2, routed)           0.630    13.131    U_RV32I_CPU/U_DATAPAHT/U_REG_FILE/d_ram_reg_0_127_0_0_i_40_n_0
    SLICE_X9Y26          LUT6 (Prop_lut6_I5_O)        0.124    13.255 r  U_RV32I_CPU/U_DATAPAHT/U_REG_FILE/d_ram_reg_0_127_0_0_i_11/O
                         net (fo=2, routed)           0.608    13.863    U_RV32I_CPU/U_DATAPAHT/U_REG_FILE/d_ram_reg_0_127_0_0_i_11_n_0
    SLICE_X10Y26         LUT6 (Prop_lut6_I0_O)        0.124    13.987 r  U_RV32I_CPU/U_DATAPAHT/U_REG_FILE/d_ram_reg_0_127_0_0_i_2/O
                         net (fo=64, routed)          1.396    15.383    U_DATA_RAM/d_ram_reg_0_127_15_15/A0
    SLICE_X10Y30         RAMS64E (Prop_rams64e_ADR0_O)
                                                      0.124    15.507 r  U_DATA_RAM/d_ram_reg_0_127_15_15/LOW/O
                         net (fo=1, routed)           0.000    15.507    U_DATA_RAM/d_ram_reg_0_127_15_15/O0
    SLICE_X10Y30         MUXF7 (Prop_muxf7_I0_O)      0.241    15.748 r  U_DATA_RAM/d_ram_reg_0_127_15_15/F7/O
                         net (fo=6, routed)           0.773    16.521    U_DATA_RAM/p_2_in[15]
    SLICE_X9Y29          LUT6 (Prop_lut6_I2_O)        0.298    16.819 r  U_DATA_RAM/ram_file_reg_r1_0_31_6_11_i_9/O
                         net (fo=25, routed)          0.872    17.691    U_DATA_RAM/d_ram_reg_0_127_23_23_0
    SLICE_X11Y34         LUT6 (Prop_lut6_I4_O)        0.124    17.815 r  U_DATA_RAM/ram_file_reg_r1_0_31_6_11_i_1/O
                         net (fo=2, routed)           0.505    18.320    U_RV32I_CPU/U_DATAPAHT/U_REG_FILE/ram_file_reg_r2_0_31_6_11/DIA1
    SLICE_X12Y33         RAMD32                                       r  U_RV32I_CPU/U_DATAPAHT/U_REG_FILE/ram_file_reg_r2_0_31_6_11/RAMA_D1/I
  -------------------------------------------------------------------    -------------------

                         (clock sys_clk_pin rise edge)
                                                     10.000    10.000 r  
    W5                                                0.000    10.000 r  i_clk (IN)
                         net (fo=0)                   0.000    10.000    i_clk
    W5                   IBUF (Prop_ibuf_I_O)         1.388    11.388 r  i_clk_IBUF_inst/O
                         net (fo=1, routed)           1.862    13.250    i_clk_IBUF
    BUFGCTRL_X0Y0        BUFG (Prop_bufg_I_O)         0.091    13.341 r  i_clk_IBUF_BUFG_inst/O
                         net (fo=208, routed)         1.443    14.784    U_RV32I_CPU/U_DATAPAHT/U_REG_FILE/ram_file_reg_r2_0_31_6_11/WCLK
    SLICE_X12Y33         RAMD32                                       r  U_RV32I_CPU/U_DATAPAHT/U_REG_FILE/ram_file_reg_r2_0_31_6_11/RAMA_D1/CLK
                         clock pessimism              0.260    15.044    
                         clock uncertainty           -0.035    15.009    
    SLICE_X12Y33         RAMD32 (Setup_ramd32_CLK_I)
                                                     -0.258    14.751    U_RV32I_CPU/U_DATAPAHT/U_REG_FILE/ram_file_reg_r2_0_31_6_11/RAMA_D1
  -------------------------------------------------------------------
                         required time                         14.751    
                         arrival time                         -18.320    
  -------------------------------------------------------------------
                         slack                                 -3.569    

Slack (VIOLATED) :        -3.566ns  (required time - arrival time)
  Source:                 g0_b0_i_1/C
                            (rising edge-triggered cell FDRE clocked by sys_clk_pin  {rise@0.000ns fall@5.000ns period=10.000ns})
  Destination:            U_RV32I_CPU/U_DATAPAHT/U_REG_FILE/ram_file_reg_r1_0_31_30_31/RAMA_D1/I
                            (rising edge-triggered cell RAMD32 clocked by sys_clk_pin  {rise@0.000ns fall@5.000ns period=10.000ns})
  Path Group:             sys_clk_pin
  Path Type:              Setup (Max at Slow Process Corner)
  Requirement:            10.000ns  (sys_clk_pin rise@10.000ns - sys_clk_pin rise@0.000ns)
  Data Path Delay:        13.175ns  (logic 2.359ns (17.905%)  route 10.816ns (82.095%))
  Logic Levels:           13  (LUT5=1 LUT6=10 MUXF7=1 RAMS64E=1)
  Clock Path Skew:        -0.097ns (DCD - SCD + CPR)
    Destination Clock Delay (DCD):    4.786ns = ( 14.786 - 10.000 ) 
    Source Clock Delay      (SCD):    5.143ns
    Clock Pessimism Removal (CPR):    0.260ns
  Clock Uncertainty:      0.035ns  ((TSJ^2 + TIJ^2)^1/2 + DJ) / 2 + PE
    Total System Jitter     (TSJ):    0.071ns
    Total Input Jitter      (TIJ):    0.000ns
    Discrete Jitter          (DJ):    0.000ns
    Phase Error              (PE):    0.000ns

    Location             Delay type                Incr(ns)  Path(ns)    Netlist Resource(s)
  -------------------------------------------------------------------    -------------------
                         (clock sys_clk_pin rise edge)
                                                      0.000     0.000 r  
    W5                                                0.000     0.000 r  i_clk (IN)
                         net (fo=0)                   0.000     0.000    i_clk
    W5                   IBUF (Prop_ibuf_I_O)         1.458     1.458 r  i_clk_IBUF_inst/O
                         net (fo=1, routed)           1.967     3.425    i_clk_IBUF
    BUFGCTRL_X0Y0        BUFG (Prop_bufg_I_O)         0.096     3.521 r  i_clk_IBUF_BUFG_inst/O
                         net (fo=208, routed)         1.622     5.143    i_clk_IBUF_BUFG
    SLICE_X5Y29          FDRE                                         r  g0_b0_i_1/C
  -------------------------------------------------------------------    -------------------
    SLICE_X5Y29          FDRE (Prop_fdre_C_Q)         0.456     5.599 r  g0_b0_i_1/Q
                         net (fo=18, routed)          0.884     6.484    U_RV32I_CPU/U_DATAPAHT/U_REG_FILE/Q[0]
    SLICE_X4Y30          LUT6 (Prop_lut6_I0_O)        0.124     6.608 r  U_RV32I_CPU/U_DATAPAHT/U_REG_FILE/g0_b1/O
                         net (fo=26, routed)          1.157     7.765    U_RV32I_CPU/U_DATAPAHT/U_REG_FILE/g0_b0_i_1_41
    SLICE_X3Y28          LUT5 (Prop_lut5_I0_O)        0.124     7.889 r  U_RV32I_CPU/U_DATAPAHT/U_REG_FILE/ram_file_reg_r1_0_31_0_5_i_9_replica/O
                         net (fo=3, routed)           0.433     8.322    U_RV32I_CPU/U_DATAPAHT/U_REG_FILE/g0_b0_i_1_33_repN
    SLICE_X5Y28          LUT6 (Prop_lut6_I3_O)        0.124     8.446 f  U_RV32I_CPU/U_DATAPAHT/U_REG_FILE/w_pc_imm_carry_i_14/O
                         net (fo=6, routed)           1.273     9.719    U_RV32I_CPU/U_DATAPAHT/U_REG_FILE/g0_b0_i_1_36
    SLICE_X15Y29         LUT6 (Prop_lut6_I3_O)        0.124     9.843 f  U_RV32I_CPU/U_DATAPAHT/U_REG_FILE/d_ram_reg_0_127_0_0_i_116_comp/O
                         net (fo=32, routed)          0.865    10.709    U_RV32I_CPU/U_DATAPAHT/U_REG_FILE/d_ram_reg_0_127_0_0_i_116_n_0
    SLICE_X14Y27         LUT6 (Prop_lut6_I3_O)        0.124    10.833 r  U_RV32I_CPU/U_DATAPAHT/U_REG_FILE/o_debug_OBUF[3]_inst_i_35/O
                         net (fo=2, routed)           0.942    11.775    U_RV32I_CPU/U_DATAPAHT/U_REG_FILE/o_debug_OBUF[3]_inst_i_35_n_0
    SLICE_X13Y31         LUT6 (Prop_lut6_I5_O)        0.124    11.899 f  U_RV32I_CPU/U_DATAPAHT/U_REG_FILE/o_debug_OBUF[3]_inst_i_14/O
                         net (fo=4, routed)           0.477    12.376    U_RV32I_CPU/U_DATAPAHT/U_REG_FILE/o_debug_OBUF[3]_inst_i_14_n_0
    SLICE_X15Y28         LUT6 (Prop_lut6_I3_O)        0.124    12.500 f  U_RV32I_CPU/U_DATAPAHT/U_REG_FILE/d_ram_reg_0_127_0_0_i_40/O
                         net (fo=2, routed)           0.630    13.131    U_RV32I_CPU/U_DATAPAHT/U_REG_FILE/d_ram_reg_0_127_0_0_i_40_n_0
    SLICE_X9Y26          LUT6 (Prop_lut6_I5_O)        0.124    13.255 r  U_RV32I_CPU/U_DATAPAHT/U_REG_FILE/d_ram_reg_0_127_0_0_i_11/O
                         net (fo=2, routed)           0.608    13.863    U_RV32I_CPU/U_DATAPAHT/U_REG_FILE/d_ram_reg_0_127_0_0_i_11_n_0
    SLICE_X10Y26         LUT6 (Prop_lut6_I0_O)        0.124    13.987 r  U_RV32I_CPU/U_DATAPAHT/U_REG_FILE/d_ram_reg_0_127_0_0_i_2/O
                         net (fo=64, routed)          1.396    15.383    U_DATA_RAM/d_ram_reg_0_127_15_15/A0
    SLICE_X10Y30         RAMS64E (Prop_rams64e_ADR0_O)
                                                      0.124    15.507 r  U_DATA_RAM/d_ram_reg_0_127_15_15/LOW/O
                         net (fo=1, routed)           0.000    15.507    U_DATA_RAM/d_ram_reg_0_127_15_15/O0
    SLICE_X10Y30         MUXF7 (Prop_muxf7_I0_O)      0.241    15.748 r  U_DATA_RAM/d_ram_reg_0_127_15_15/F7/O
                         net (fo=6, routed)           0.773    16.521    U_DATA_RAM/p_2_in[15]
    SLICE_X9Y29          LUT6 (Prop_lut6_I2_O)        0.298    16.819 r  U_DATA_RAM/ram_file_reg_r1_0_31_6_11_i_9/O
                         net (fo=25, routed)          0.867    17.686    U_DATA_RAM/d_ram_reg_0_127_23_23_0
    SLICE_X9Y35          LUT6 (Prop_lut6_I2_O)        0.124    17.810 r  U_DATA_RAM/ram_file_reg_r1_0_31_30_31_i_1/O
                         net (fo=2, routed)           0.508    18.318    U_RV32I_CPU/U_DATAPAHT/U_REG_FILE/ram_file_reg_r1_0_31_30_31/DIA1
    SLICE_X8Y36          RAMD32                                       r  U_RV32I_CPU/U_DATAPAHT/U_REG_FILE/ram_file_reg_r1_0_31_30_31/RAMA_D1/I
  -------------------------------------------------------------------    -------------------

                         (clock sys_clk_pin rise edge)
                                                     10.000    10.000 r  
    W5                                                0.000    10.000 r  i_clk (IN)
                         net (fo=0)                   0.000    10.000    i_clk
    W5                   IBUF (Prop_ibuf_I_O)         1.388    11.388 r  i_clk_IBUF_inst/O
                         net (fo=1, routed)           1.862    13.250    i_clk_IBUF
    BUFGCTRL_X0Y0        BUFG (Prop_bufg_I_O)         0.091    13.341 r  i_clk_IBUF_BUFG_inst/O
                         net (fo=208, routed)         1.445    14.786    U_RV32I_CPU/U_DATAPAHT/U_REG_FILE/ram_file_reg_r1_0_31_30_31/WCLK
    SLICE_X8Y36          RAMD32                                       r  U_RV32I_CPU/U_DATAPAHT/U_REG_FILE/ram_file_reg_r1_0_31_30_31/RAMA_D1/CLK
                         clock pessimism              0.260    15.046    
                         clock uncertainty           -0.035    15.011    
    SLICE_X8Y36          RAMD32 (Setup_ramd32_CLK_I)
                                                     -0.258    14.753    U_RV32I_CPU/U_DATAPAHT/U_REG_FILE/ram_file_reg_r1_0_31_30_31/RAMA_D1
  -------------------------------------------------------------------
                         required time                         14.753    
                         arrival time                         -18.318    
  -------------------------------------------------------------------
                         slack                                 -3.566    

Slack (VIOLATED) :        -3.564ns  (required time - arrival time)
  Source:                 g0_b0_i_1/C
                            (rising edge-triggered cell FDRE clocked by sys_clk_pin  {rise@0.000ns fall@5.000ns period=10.000ns})
  Destination:            U_RV32I_CPU/U_DATAPAHT/U_REG_FILE/ram_file_reg_r2_0_31_0_5/RAMC_D1/I
                            (rising edge-triggered cell RAMD32 clocked by sys_clk_pin  {rise@0.000ns fall@5.000ns period=10.000ns})
  Path Group:             sys_clk_pin
  Path Type:              Setup (Max at Slow Process Corner)
  Requirement:            10.000ns  (sys_clk_pin rise@10.000ns - sys_clk_pin rise@0.000ns)
  Data Path Delay:        13.176ns  (logic 2.382ns (18.078%)  route 10.794ns (81.922%))
  Logic Levels:           13  (LUT4=1 LUT5=1 LUT6=9 MUXF7=1 RAMS64E=1)
  Clock Path Skew:        -0.103ns (DCD - SCD + CPR)
    Destination Clock Delay (DCD):    4.780ns = ( 14.780 - 10.000 ) 
    Source Clock Delay      (SCD):    5.143ns
    Clock Pessimism Removal (CPR):    0.260ns
  Clock Uncertainty:      0.035ns  ((TSJ^2 + TIJ^2)^1/2 + DJ) / 2 + PE
    Total System Jitter     (TSJ):    0.071ns
    Total Input Jitter      (TIJ):    0.000ns
    Discrete Jitter          (DJ):    0.000ns
    Phase Error              (PE):    0.000ns

    Location             Delay type                Incr(ns)  Path(ns)    Netlist Resource(s)
  -------------------------------------------------------------------    -------------------
                         (clock sys_clk_pin rise edge)
                                                      0.000     0.000 r  
    W5                                                0.000     0.000 r  i_clk (IN)
                         net (fo=0)                   0.000     0.000    i_clk
    W5                   IBUF (Prop_ibuf_I_O)         1.458     1.458 r  i_clk_IBUF_inst/O
                         net (fo=1, routed)           1.967     3.425    i_clk_IBUF
    BUFGCTRL_X0Y0        BUFG (Prop_bufg_I_O)         0.096     3.521 r  i_clk_IBUF_BUFG_inst/O
                         net (fo=208, routed)         1.622     5.143    i_clk_IBUF_BUFG
    SLICE_X5Y29          FDRE                                         r  g0_b0_i_1/C
  -------------------------------------------------------------------    -------------------
    SLICE_X5Y29          FDRE (Prop_fdre_C_Q)         0.456     5.599 r  g0_b0_i_1/Q
                         net (fo=18, routed)          0.884     6.484    U_RV32I_CPU/U_DATAPAHT/U_REG_FILE/Q[0]
    SLICE_X4Y30          LUT6 (Prop_lut6_I0_O)        0.124     6.608 r  U_RV32I_CPU/U_DATAPAHT/U_REG_FILE/g0_b1/O
                         net (fo=26, routed)          1.157     7.765    U_RV32I_CPU/U_DATAPAHT/U_REG_FILE/g0_b0_i_1_41
    SLICE_X3Y28          LUT5 (Prop_lut5_I0_O)        0.124     7.889 r  U_RV32I_CPU/U_DATAPAHT/U_REG_FILE/ram_file_reg_r1_0_31_0_5_i_9_replica/O
                         net (fo=3, routed)           0.433     8.322    U_RV32I_CPU/U_DATAPAHT/U_REG_FILE/g0_b0_i_1_33_repN
    SLICE_X5Y28          LUT6 (Prop_lut6_I3_O)        0.124     8.446 f  U_RV32I_CPU/U_DATAPAHT/U_REG_FILE/w_pc_imm_carry_i_14/O
                         net (fo=6, routed)           1.273     9.719    U_RV32I_CPU/U_DATAPAHT/U_REG_FILE/g0_b0_i_1_36
    SLICE_X15Y29         LUT6 (Prop_lut6_I3_O)        0.124     9.843 f  U_RV32I_CPU/U_DATAPAHT/U_REG_FILE/d_ram_reg_0_127_0_0_i_116_comp/O
                         net (fo=32, routed)          0.865    10.709    U_RV32I_CPU/U_DATAPAHT/U_REG_FILE/d_ram_reg_0_127_0_0_i_116_n_0
    SLICE_X14Y27         LUT6 (Prop_lut6_I3_O)        0.124    10.833 r  U_RV32I_CPU/U_DATAPAHT/U_REG_FILE/o_debug_OBUF[3]_inst_i_35/O
                         net (fo=2, routed)           0.942    11.775    U_RV32I_CPU/U_DATAPAHT/U_REG_FILE/o_debug_OBUF[3]_inst_i_35_n_0
    SLICE_X13Y31         LUT6 (Prop_lut6_I5_O)        0.124    11.899 f  U_RV32I_CPU/U_DATAPAHT/U_REG_FILE/o_debug_OBUF[3]_inst_i_14/O
                         net (fo=4, routed)           0.477    12.376    U_RV32I_CPU/U_DATAPAHT/U_REG_FILE/o_debug_OBUF[3]_inst_i_14_n_0
    SLICE_X15Y28         LUT6 (Prop_lut6_I3_O)        0.124    12.500 f  U_RV32I_CPU/U_DATAPAHT/U_REG_FILE/d_ram_reg_0_127_0_0_i_40/O
                         net (fo=2, routed)           0.630    13.131    U_RV32I_CPU/U_DATAPAHT/U_REG_FILE/d_ram_reg_0_127_0_0_i_40_n_0
    SLICE_X9Y26          LUT6 (Prop_lut6_I5_O)        0.124    13.255 r  U_RV32I_CPU/U_DATAPAHT/U_REG_FILE/d_ram_reg_0_127_0_0_i_11/O
                         net (fo=2, routed)           0.608    13.863    U_RV32I_CPU/U_DATAPAHT/U_REG_FILE/d_ram_reg_0_127_0_0_i_11_n_0
    SLICE_X10Y26         LUT6 (Prop_lut6_I0_O)        0.124    13.987 r  U_RV32I_CPU/U_DATAPAHT/U_REG_FILE/d_ram_reg_0_127_0_0_i_2/O
                         net (fo=64, routed)          1.358    15.345    U_DATA_RAM/d_ram_reg_0_127_29_29/A0
    SLICE_X12Y31         RAMS64E (Prop_rams64e_ADR0_O)
                                                      0.175    15.520 r  U_DATA_RAM/d_ram_reg_0_127_29_29/HIGH/O
                         net (fo=1, routed)           0.000    15.520    U_DATA_RAM/d_ram_reg_0_127_29_29/O1
    SLICE_X12Y31         MUXF7 (Prop_muxf7_I1_O)      0.214    15.734 r  U_DATA_RAM/d_ram_reg_0_127_29_29/F7/O
                         net (fo=4, routed)           0.827    16.561    U_RV32I_CPU/U_DATAPAHT/U_REG_FILE/p_2_in[29]
    SLICE_X12Y26         LUT4 (Prop_lut4_I3_O)        0.297    16.858 f  U_RV32I_CPU/U_DATAPAHT/U_REG_FILE/ram_file_reg_r1_0_31_0_5_i_28/O
                         net (fo=1, routed)           0.618    17.476    U_RV32I_CPU/U_DATAPAHT/U_REG_FILE/ram_file_reg_r1_0_31_0_5_i_28_n_0
    SLICE_X13Y29         LUT6 (Prop_lut6_I0_O)        0.124    17.600 r  U_RV32I_CPU/U_DATAPAHT/U_REG_FILE/ram_file_reg_r1_0_31_0_5_i_6/O
                         net (fo=2, routed)           0.720    18.320    U_RV32I_CPU/U_DATAPAHT/U_REG_FILE/ram_file_reg_r2_0_31_0_5/DIC1
    SLICE_X8Y30          RAMD32                                       r  U_RV32I_CPU/U_DATAPAHT/U_REG_FILE/ram_file_reg_r2_0_31_0_5/RAMC_D1/I
  -------------------------------------------------------------------    -------------------

                         (clock sys_clk_pin rise edge)
                                                     10.000    10.000 r  
    W5                                                0.000    10.000 r  i_clk (IN)
                         net (fo=0)                   0.000    10.000    i_clk
    W5                   IBUF (Prop_ibuf_I_O)         1.388    11.388 r  i_clk_IBUF_inst/O
                         net (fo=1, routed)           1.862    13.250    i_clk_IBUF
    BUFGCTRL_X0Y0        BUFG (Prop_bufg_I_O)         0.091    13.341 r  i_clk_IBUF_BUFG_inst/O
                         net (fo=208, routed)         1.439    14.780    U_RV32I_CPU/U_DATAPAHT/U_REG_FILE/ram_file_reg_r2_0_31_0_5/WCLK
    SLICE_X8Y30          RAMD32                                       r  U_RV32I_CPU/U_DATAPAHT/U_REG_FILE/ram_file_reg_r2_0_31_0_5/RAMC_D1/CLK
                         clock pessimism              0.260    15.040    
                         clock uncertainty           -0.035    15.005    
    SLICE_X8Y30          RAMD32 (Setup_ramd32_CLK_I)
                                                     -0.249    14.756    U_RV32I_CPU/U_DATAPAHT/U_REG_FILE/ram_file_reg_r2_0_31_0_5/RAMC_D1
  -------------------------------------------------------------------
                         required time                         14.756    
                         arrival time                         -18.320    
  -------------------------------------------------------------------
                         slack                                 -3.564    





Min Delay Paths
--------------------------------------------------------------------------------------
Slack (MET) :             0.284ns  (arrival time - required time)
  Source:                 U_RV32I_CPU/U_CONTROL_UNIT/U_PROGRAM_COUNTER/c_addr_reg[0]/C
                            (rising edge-triggered cell FDRE clocked by sys_clk_pin  {rise@0.000ns fall@5.000ns period=10.000ns})
  Destination:            U_RV32I_CPU/U_CONTROL_UNIT/U_PROGRAM_COUNTER/c_addr_reg[0]/D
                            (rising edge-triggered cell FDRE clocked by sys_clk_pin  {rise@0.000ns fall@5.000ns period=10.000ns})
  Path Group:             sys_clk_pin
  Path Type:              Hold (Min at Fast Process Corner)
  Requirement:            0.000ns  (sys_clk_pin rise@0.000ns - sys_clk_pin rise@0.000ns)
  Data Path Delay:        0.376ns  (logic 0.186ns (49.512%)  route 0.190ns (50.488%))
  Logic Levels:           1  (LUT3=1)
  Clock Path Skew:        0.000ns (DCD - SCD - CPR)
    Destination Clock Delay (DCD):    1.981ns
    Source Clock Delay      (SCD):    1.468ns
    Clock Pessimism Removal (CPR):    0.513ns

    Location             Delay type                Incr(ns)  Path(ns)    Netlist Resource(s)
  -------------------------------------------------------------------    -------------------
                         (clock sys_clk_pin rise edge)
                                                      0.000     0.000 r  
    W5                                                0.000     0.000 r  i_clk (IN)
                         net (fo=0)                   0.000     0.000    i_clk
    W5                   IBUF (Prop_ibuf_I_O)         0.226     0.226 r  i_clk_IBUF_inst/O
                         net (fo=1, routed)           0.631     0.858    i_clk_IBUF
    BUFGCTRL_X0Y0        BUFG (Prop_bufg_I_O)         0.026     0.884 r  i_clk_IBUF_BUFG_inst/O
                         net (fo=208, routed)         0.585     1.468    U_RV32I_CPU/U_CONTROL_UNIT/U_PROGRAM_COUNTER/i_clk_IBUF_BUFG
    SLICE_X4Y30          FDRE                                         r  U_RV32I_CPU/U_CONTROL_UNIT/U_PROGRAM_COUNTER/c_addr_reg[0]/C
  -------------------------------------------------------------------    -------------------
    SLICE_X4Y30          FDRE (Prop_fdre_C_Q)         0.141     1.609 r  U_RV32I_CPU/U_CONTROL_UNIT/U_PROGRAM_COUNTER/c_addr_reg[0]/Q
                         net (fo=4, routed)           0.190     1.799    U_RV32I_CPU/U_CONTROL_UNIT/U_PROGRAM_COUNTER/c_addr_reg[0]_0
    SLICE_X4Y30          LUT3 (Prop_lut3_I0_O)        0.045     1.844 r  U_RV32I_CPU/U_CONTROL_UNIT/U_PROGRAM_COUNTER/c_addr[0]_i_2/O
                         net (fo=1, routed)           0.000     1.844    U_RV32I_CPU/U_CONTROL_UNIT/U_PROGRAM_COUNTER/c_addr[0]_i_2_n_0
    SLICE_X4Y30          FDRE                                         r  U_RV32I_CPU/U_CONTROL_UNIT/U_PROGRAM_COUNTER/c_addr_reg[0]/D
  -------------------------------------------------------------------    -------------------

                         (clock sys_clk_pin rise edge)
                                                      0.000     0.000 r  
    W5                                                0.000     0.000 r  i_clk (IN)
                         net (fo=0)                   0.000     0.000    i_clk
    W5                   IBUF (Prop_ibuf_I_O)         0.414     0.414 r  i_clk_IBUF_inst/O
                         net (fo=1, routed)           0.685     1.099    i_clk_IBUF
    BUFGCTRL_X0Y0        BUFG (Prop_bufg_I_O)         0.029     1.128 r  i_clk_IBUF_BUFG_inst/O
                         net (fo=208, routed)         0.854     1.981    U_RV32I_CPU/U_CONTROL_UNIT/U_PROGRAM_COUNTER/i_clk_IBUF_BUFG
    SLICE_X4Y30          FDRE                                         r  U_RV32I_CPU/U_CONTROL_UNIT/U_PROGRAM_COUNTER/c_addr_reg[0]/C
                         clock pessimism             -0.513     1.468    
    SLICE_X4Y30          FDRE (Hold_fdre_C_D)         0.092     1.560    U_RV32I_CPU/U_CONTROL_UNIT/U_PROGRAM_COUNTER/c_addr_reg[0]
  -------------------------------------------------------------------
                         required time                         -1.560    
                         arrival time                           1.844    
  -------------------------------------------------------------------
                         slack                                  0.284    

Slack (MET) :             0.314ns  (arrival time - required time)
  Source:                 U_RV32I_CPU/U_CONTROL_UNIT/U_PROGRAM_COUNTER/c_addr_reg[12]/C
                            (rising edge-triggered cell FDRE clocked by sys_clk_pin  {rise@0.000ns fall@5.000ns period=10.000ns})
  Destination:            U_RV32I_CPU/U_CONTROL_UNIT/U_PROGRAM_COUNTER/c_addr_reg[12]/D
                            (rising edge-triggered cell FDRE clocked by sys_clk_pin  {rise@0.000ns fall@5.000ns period=10.000ns})
  Path Group:             sys_clk_pin
  Path Type:              Hold (Min at Fast Process Corner)
  Requirement:            0.000ns  (sys_clk_pin rise@0.000ns - sys_clk_pin rise@0.000ns)
  Data Path Delay:        0.419ns  (logic 0.249ns (59.393%)  route 0.170ns (40.607%))
  Logic Levels:           2  (CARRY4=1 LUT3=1)
  Clock Path Skew:        0.000ns (DCD - SCD - CPR)
    Destination Clock Delay (DCD):    1.989ns
    Source Clock Delay      (SCD):    1.475ns
    Clock Pessimism Removal (CPR):    0.514ns

    Location             Delay type                Incr(ns)  Path(ns)    Netlist Resource(s)
  -------------------------------------------------------------------    -------------------
                         (clock sys_clk_pin rise edge)
                                                      0.000     0.000 r  
    W5                                                0.000     0.000 r  i_clk (IN)
                         net (fo=0)                   0.000     0.000    i_clk
    W5                   IBUF (Prop_ibuf_I_O)         0.226     0.226 r  i_clk_IBUF_inst/O
                         net (fo=1, routed)           0.631     0.858    i_clk_IBUF
    BUFGCTRL_X0Y0        BUFG (Prop_bufg_I_O)         0.026     0.884 r  i_clk_IBUF_BUFG_inst/O
                         net (fo=208, routed)         0.592     1.475    U_RV32I_CPU/U_CONTROL_UNIT/U_PROGRAM_COUNTER/i_clk_IBUF_BUFG
    SLICE_X1Y37          FDRE                                         r  U_RV32I_CPU/U_CONTROL_UNIT/U_PROGRAM_COUNTER/c_addr_reg[12]/C
  -------------------------------------------------------------------    -------------------
    SLICE_X1Y37          FDRE (Prop_fdre_C_Q)         0.141     1.616 r  U_RV32I_CPU/U_CONTROL_UNIT/U_PROGRAM_COUNTER/c_addr_reg[12]/Q
                         net (fo=3, routed)           0.170     1.786    U_RV32I_CPU/U_CONTROL_UNIT/U_PROGRAM_COUNTER/c_addr_reg[12]
    SLICE_X1Y37          LUT3 (Prop_lut3_I0_O)        0.045     1.831 r  U_RV32I_CPU/U_CONTROL_UNIT/U_PROGRAM_COUNTER/c_addr[9]_i_2/O
                         net (fo=1, routed)           0.000     1.831    U_RV32I_CPU/U_CONTROL_UNIT/U_PROGRAM_COUNTER/c_addr[9]_i_2_n_0
    SLICE_X1Y37          CARRY4 (Prop_carry4_S[3]_O[3])
                                                      0.063     1.894 r  U_RV32I_CPU/U_CONTROL_UNIT/U_PROGRAM_COUNTER/c_addr_reg[9]_i_1/O[3]
                         net (fo=1, routed)           0.000     1.894    U_RV32I_CPU/U_CONTROL_UNIT/U_PROGRAM_COUNTER/c_addr_reg[9]_i_1_n_4
    SLICE_X1Y37          FDRE                                         r  U_RV32I_CPU/U_CONTROL_UNIT/U_PROGRAM_COUNTER/c_addr_reg[12]/D
  -------------------------------------------------------------------    -------------------

                         (clock sys_clk_pin rise edge)
                                                      0.000     0.000 r  
    W5                                                0.000     0.000 r  i_clk (IN)
                         net (fo=0)                   0.000     0.000    i_clk
    W5                   IBUF (Prop_ibuf_I_O)         0.414     0.414 r  i_clk_IBUF_inst/O
                         net (fo=1, routed)           0.685     1.099    i_clk_IBUF
    BUFGCTRL_X0Y0        BUFG (Prop_bufg_I_O)         0.029     1.128 r  i_clk_IBUF_BUFG_inst/O
                         net (fo=208, routed)         0.862     1.989    U_RV32I_CPU/U_CONTROL_UNIT/U_PROGRAM_COUNTER/i_clk_IBUF_BUFG
    SLICE_X1Y37          FDRE                                         r  U_RV32I_CPU/U_CONTROL_UNIT/U_PROGRAM_COUNTER/c_addr_reg[12]/C
                         clock pessimism             -0.514     1.475    
    SLICE_X1Y37          FDRE (Hold_fdre_C_D)         0.105     1.580    U_RV32I_CPU/U_CONTROL_UNIT/U_PROGRAM_COUNTER/c_addr_reg[12]
  -------------------------------------------------------------------
                         required time                         -1.580    
                         arrival time                           1.894    
  -------------------------------------------------------------------
                         slack                                  0.314    

Slack (MET) :             0.314ns  (arrival time - required time)
  Source:                 U_RV32I_CPU/U_CONTROL_UNIT/U_PROGRAM_COUNTER/c_addr_reg[20]/C
                            (rising edge-triggered cell FDRE clocked by sys_clk_pin  {rise@0.000ns fall@5.000ns period=10.000ns})
  Destination:            U_RV32I_CPU/U_CONTROL_UNIT/U_PROGRAM_COUNTER/c_addr_reg[20]/D
                            (rising edge-triggered cell FDRE clocked by sys_clk_pin  {rise@0.000ns fall@5.000ns period=10.000ns})
  Path Group:             sys_clk_pin
  Path Type:              Hold (Min at Fast Process Corner)
  Requirement:            0.000ns  (sys_clk_pin rise@0.000ns - sys_clk_pin rise@0.000ns)
  Data Path Delay:        0.419ns  (logic 0.249ns (59.384%)  route 0.170ns (40.616%))
  Logic Levels:           2  (CARRY4=1 LUT3=1)
  Clock Path Skew:        0.000ns (DCD - SCD - CPR)
    Destination Clock Delay (DCD):    1.991ns
    Source Clock Delay      (SCD):    1.476ns
    Clock Pessimism Removal (CPR):    0.515ns

    Location             Delay type                Incr(ns)  Path(ns)    Netlist Resource(s)
  -------------------------------------------------------------------    -------------------
                         (clock sys_clk_pin rise edge)
                                                      0.000     0.000 r  
    W5                                                0.000     0.000 r  i_clk (IN)
                         net (fo=0)                   0.000     0.000    i_clk
    W5                   IBUF (Prop_ibuf_I_O)         0.226     0.226 r  i_clk_IBUF_inst/O
                         net (fo=1, routed)           0.631     0.858    i_clk_IBUF
    BUFGCTRL_X0Y0        BUFG (Prop_bufg_I_O)         0.026     0.884 r  i_clk_IBUF_BUFG_inst/O
                         net (fo=208, routed)         0.593     1.476    U_RV32I_CPU/U_CONTROL_UNIT/U_PROGRAM_COUNTER/i_clk_IBUF_BUFG
    SLICE_X1Y39          FDRE                                         r  U_RV32I_CPU/U_CONTROL_UNIT/U_PROGRAM_COUNTER/c_addr_reg[20]/C
  -------------------------------------------------------------------    -------------------
    SLICE_X1Y39          FDRE (Prop_fdre_C_Q)         0.141     1.617 r  U_RV32I_CPU/U_CONTROL_UNIT/U_PROGRAM_COUNTER/c_addr_reg[20]/Q
                         net (fo=3, routed)           0.170     1.787    U_RV32I_CPU/U_CONTROL_UNIT/U_PROGRAM_COUNTER/c_addr_reg[20]
    SLICE_X1Y39          LUT3 (Prop_lut3_I0_O)        0.045     1.832 r  U_RV32I_CPU/U_CONTROL_UNIT/U_PROGRAM_COUNTER/c_addr[17]_i_2/O
                         net (fo=1, routed)           0.000     1.832    U_RV32I_CPU/U_CONTROL_UNIT/U_PROGRAM_COUNTER/c_addr[17]_i_2_n_0
    SLICE_X1Y39          CARRY4 (Prop_carry4_S[3]_O[3])
                                                      0.063     1.895 r  U_RV32I_CPU/U_CONTROL_UNIT/U_PROGRAM_COUNTER/c_addr_reg[17]_i_1/O[3]
                         net (fo=1, routed)           0.000     1.895    U_RV32I_CPU/U_CONTROL_UNIT/U_PROGRAM_COUNTER/c_addr_reg[17]_i_1_n_4
    SLICE_X1Y39          FDRE                                         r  U_RV32I_CPU/U_CONTROL_UNIT/U_PROGRAM_COUNTER/c_addr_reg[20]/D
  -------------------------------------------------------------------    -------------------

                         (clock sys_clk_pin rise edge)
                                                      0.000     0.000 r  
    W5                                                0.000     0.000 r  i_clk (IN)
                         net (fo=0)                   0.000     0.000    i_clk
    W5                   IBUF (Prop_ibuf_I_O)         0.414     0.414 r  i_clk_IBUF_inst/O
                         net (fo=1, routed)           0.685     1.099    i_clk_IBUF
    BUFGCTRL_X0Y0        BUFG (Prop_bufg_I_O)         0.029     1.128 r  i_clk_IBUF_BUFG_inst/O
                         net (fo=208, routed)         0.864     1.991    U_RV32I_CPU/U_CONTROL_UNIT/U_PROGRAM_COUNTER/i_clk_IBUF_BUFG
    SLICE_X1Y39          FDRE                                         r  U_RV32I_CPU/U_CONTROL_UNIT/U_PROGRAM_COUNTER/c_addr_reg[20]/C
                         clock pessimism             -0.515     1.476    
    SLICE_X1Y39          FDRE (Hold_fdre_C_D)         0.105     1.581    U_RV32I_CPU/U_CONTROL_UNIT/U_PROGRAM_COUNTER/c_addr_reg[20]
  -------------------------------------------------------------------
                         required time                         -1.581    
                         arrival time                           1.895    
  -------------------------------------------------------------------
                         slack                                  0.314    

Slack (MET) :             0.314ns  (arrival time - required time)
  Source:                 U_RV32I_CPU/U_CONTROL_UNIT/U_PROGRAM_COUNTER/c_addr_reg[4]/C
                            (rising edge-triggered cell FDRE clocked by sys_clk_pin  {rise@0.000ns fall@5.000ns period=10.000ns})
  Destination:            U_RV32I_CPU/U_CONTROL_UNIT/U_PROGRAM_COUNTER/c_addr_reg[4]/D
                            (rising edge-triggered cell FDRE clocked by sys_clk_pin  {rise@0.000ns fall@5.000ns period=10.000ns})
  Path Group:             sys_clk_pin
  Path Type:              Hold (Min at Fast Process Corner)
  Requirement:            0.000ns  (sys_clk_pin rise@0.000ns - sys_clk_pin rise@0.000ns)
  Data Path Delay:        0.419ns  (logic 0.249ns (59.384%)  route 0.170ns (40.616%))
  Logic Levels:           2  (CARRY4=1 LUT3=1)
  Clock Path Skew:        0.000ns (DCD - SCD - CPR)
    Destination Clock Delay (DCD):    1.988ns
    Source Clock Delay      (SCD):    1.474ns
    Clock Pessimism Removal (CPR):    0.514ns

    Location             Delay type                Incr(ns)  Path(ns)    Netlist Resource(s)
  -------------------------------------------------------------------    -------------------
                         (clock sys_clk_pin rise edge)
                                                      0.000     0.000 r  
    W5                                                0.000     0.000 r  i_clk (IN)
                         net (fo=0)                   0.000     0.000    i_clk
    W5                   IBUF (Prop_ibuf_I_O)         0.226     0.226 r  i_clk_IBUF_inst/O
                         net (fo=1, routed)           0.631     0.858    i_clk_IBUF
    BUFGCTRL_X0Y0        BUFG (Prop_bufg_I_O)         0.026     0.884 r  i_clk_IBUF_BUFG_inst/O
                         net (fo=208, routed)         0.591     1.474    U_RV32I_CPU/U_CONTROL_UNIT/U_PROGRAM_COUNTER/i_clk_IBUF_BUFG
    SLICE_X1Y35          FDRE                                         r  U_RV32I_CPU/U_CONTROL_UNIT/U_PROGRAM_COUNTER/c_addr_reg[4]/C
  -------------------------------------------------------------------    -------------------
    SLICE_X1Y35          FDRE (Prop_fdre_C_Q)         0.141     1.615 r  U_RV32I_CPU/U_CONTROL_UNIT/U_PROGRAM_COUNTER/c_addr_reg[4]/Q
                         net (fo=3, routed)           0.170     1.785    U_RV32I_CPU/U_CONTROL_UNIT/U_PROGRAM_COUNTER/c_addr_reg[4]
    SLICE_X1Y35          LUT3 (Prop_lut3_I0_O)        0.045     1.830 r  U_RV32I_CPU/U_CONTROL_UNIT/U_PROGRAM_COUNTER/c_addr[1]_i_3/O
                         net (fo=1, routed)           0.000     1.830    U_RV32I_CPU/U_CONTROL_UNIT/U_PROGRAM_COUNTER/c_addr[1]_i_3_n_0
    SLICE_X1Y35          CARRY4 (Prop_carry4_S[3]_O[3])
                                                      0.063     1.893 r  U_RV32I_CPU/U_CONTROL_UNIT/U_PROGRAM_COUNTER/c_addr_reg[1]_i_1/O[3]
                         net (fo=1, routed)           0.000     1.893    U_RV32I_CPU/U_CONTROL_UNIT/U_PROGRAM_COUNTER/c_addr_reg[1]_i_1_n_4
    SLICE_X1Y35          FDRE                                         r  U_RV32I_CPU/U_CONTROL_UNIT/U_PROGRAM_COUNTER/c_addr_reg[4]/D
  -------------------------------------------------------------------    -------------------

                         (clock sys_clk_pin rise edge)
                                                      0.000     0.000 r  
    W5                                                0.000     0.000 r  i_clk (IN)
                         net (fo=0)                   0.000     0.000    i_clk
    W5                   IBUF (Prop_ibuf_I_O)         0.414     0.414 r  i_clk_IBUF_inst/O
                         net (fo=1, routed)           0.685     1.099    i_clk_IBUF
    BUFGCTRL_X0Y0        BUFG (Prop_bufg_I_O)         0.029     1.128 r  i_clk_IBUF_BUFG_inst/O
                         net (fo=208, routed)         0.861     1.988    U_RV32I_CPU/U_CONTROL_UNIT/U_PROGRAM_COUNTER/i_clk_IBUF_BUFG
    SLICE_X1Y35          FDRE                                         r  U_RV32I_CPU/U_CONTROL_UNIT/U_PROGRAM_COUNTER/c_addr_reg[4]/C
                         clock pessimism             -0.514     1.474    
    SLICE_X1Y35          FDRE (Hold_fdre_C_D)         0.105     1.579    U_RV32I_CPU/U_CONTROL_UNIT/U_PROGRAM_COUNTER/c_addr_reg[4]
  -------------------------------------------------------------------
                         required time                         -1.579    
                         arrival time                           1.893    
  -------------------------------------------------------------------
                         slack                                  0.314    

Slack (MET) :             0.319ns  (arrival time - required time)
  Source:                 U_RV32I_CPU/U_CONTROL_UNIT/U_PROGRAM_COUNTER/c_addr_reg[9]/C
                            (rising edge-triggered cell FDRE clocked by sys_clk_pin  {rise@0.000ns fall@5.000ns period=10.000ns})
  Destination:            U_RV32I_CPU/U_CONTROL_UNIT/U_PROGRAM_COUNTER/c_addr_reg[9]/D
                            (rising edge-triggered cell FDRE clocked by sys_clk_pin  {rise@0.000ns fall@5.000ns period=10.000ns})
  Path Group:             sys_clk_pin
  Path Type:              Hold (Min at Fast Process Corner)
  Requirement:            0.000ns  (sys_clk_pin rise@0.000ns - sys_clk_pin rise@0.000ns)
  Data Path Delay:        0.424ns  (logic 0.256ns (60.343%)  route 0.168ns (39.657%))
  Logic Levels:           2  (CARRY4=1 LUT3=1)
  Clock Path Skew:        0.000ns (DCD - SCD - CPR)
    Destination Clock Delay (DCD):    1.989ns
    Source Clock Delay      (SCD):    1.475ns
    Clock Pessimism Removal (CPR):    0.514ns

    Location             Delay type                Incr(ns)  Path(ns)    Netlist Resource(s)
  -------------------------------------------------------------------    -------------------
                         (clock sys_clk_pin rise edge)
                                                      0.000     0.000 r  
    W5                                                0.000     0.000 r  i_clk (IN)
                         net (fo=0)                   0.000     0.000    i_clk
    W5                   IBUF (Prop_ibuf_I_O)         0.226     0.226 r  i_clk_IBUF_inst/O
                         net (fo=1, routed)           0.631     0.858    i_clk_IBUF
    BUFGCTRL_X0Y0        BUFG (Prop_bufg_I_O)         0.026     0.884 r  i_clk_IBUF_BUFG_inst/O
                         net (fo=208, routed)         0.592     1.475    U_RV32I_CPU/U_CONTROL_UNIT/U_PROGRAM_COUNTER/i_clk_IBUF_BUFG
    SLICE_X1Y37          FDRE                                         r  U_RV32I_CPU/U_CONTROL_UNIT/U_PROGRAM_COUNTER/c_addr_reg[9]/C
  -------------------------------------------------------------------    -------------------
    SLICE_X1Y37          FDRE (Prop_fdre_C_Q)         0.141     1.616 r  U_RV32I_CPU/U_CONTROL_UNIT/U_PROGRAM_COUNTER/c_addr_reg[9]/Q
                         net (fo=3, routed)           0.168     1.784    U_RV32I_CPU/U_CONTROL_UNIT/U_PROGRAM_COUNTER/c_addr_reg[9]
    SLICE_X1Y37          LUT3 (Prop_lut3_I0_O)        0.045     1.829 r  U_RV32I_CPU/U_CONTROL_UNIT/U_PROGRAM_COUNTER/c_addr[9]_i_5/O
                         net (fo=1, routed)           0.000     1.829    U_RV32I_CPU/U_CONTROL_UNIT/U_PROGRAM_COUNTER/c_addr[9]_i_5_n_0
    SLICE_X1Y37          CARRY4 (Prop_carry4_S[0]_O[0])
                                                      0.070     1.899 r  U_RV32I_CPU/U_CONTROL_UNIT/U_PROGRAM_COUNTER/c_addr_reg[9]_i_1/O[0]
                         net (fo=1, routed)           0.000     1.899    U_RV32I_CPU/U_CONTROL_UNIT/U_PROGRAM_COUNTER/c_addr_reg[9]_i_1_n_7
    SLICE_X1Y37          FDRE                                         r  U_RV32I_CPU/U_CONTROL_UNIT/U_PROGRAM_COUNTER/c_addr_reg[9]/D
  -------------------------------------------------------------------    -------------------

                         (clock sys_clk_pin rise edge)
                                                      0.000     0.000 r  
    W5                                                0.000     0.000 r  i_clk (IN)
                         net (fo=0)                   0.000     0.000    i_clk
    W5                   IBUF (Prop_ibuf_I_O)         0.414     0.414 r  i_clk_IBUF_inst/O
                         net (fo=1, routed)           0.685     1.099    i_clk_IBUF
    BUFGCTRL_X0Y0        BUFG (Prop_bufg_I_O)         0.029     1.128 r  i_clk_IBUF_BUFG_inst/O
                         net (fo=208, routed)         0.862     1.989    U_RV32I_CPU/U_CONTROL_UNIT/U_PROGRAM_COUNTER/i_clk_IBUF_BUFG
    SLICE_X1Y37          FDRE                                         r  U_RV32I_CPU/U_CONTROL_UNIT/U_PROGRAM_COUNTER/c_addr_reg[9]/C
                         clock pessimism             -0.514     1.475    
    SLICE_X1Y37          FDRE (Hold_fdre_C_D)         0.105     1.580    U_RV32I_CPU/U_CONTROL_UNIT/U_PROGRAM_COUNTER/c_addr_reg[9]
  -------------------------------------------------------------------
                         required time                         -1.580    
                         arrival time                           1.899    
  -------------------------------------------------------------------
                         slack                                  0.319    

Slack (MET) :             0.319ns  (arrival time - required time)
  Source:                 U_RV32I_CPU/U_CONTROL_UNIT/U_PROGRAM_COUNTER/c_addr_reg[13]/C
                            (rising edge-triggered cell FDRE clocked by sys_clk_pin  {rise@0.000ns fall@5.000ns period=10.000ns})
  Destination:            U_RV32I_CPU/U_CONTROL_UNIT/U_PROGRAM_COUNTER/c_addr_reg[13]/D
                            (rising edge-triggered cell FDRE clocked by sys_clk_pin  {rise@0.000ns fall@5.000ns period=10.000ns})
  Path Group:             sys_clk_pin
  Path Type:              Hold (Min at Fast Process Corner)
  Requirement:            0.000ns  (sys_clk_pin rise@0.000ns - sys_clk_pin rise@0.000ns)
  Data Path Delay:        0.424ns  (logic 0.256ns (60.343%)  route 0.168ns (39.657%))
  Logic Levels:           2  (CARRY4=1 LUT3=1)
  Clock Path Skew:        0.000ns (DCD - SCD - CPR)
    Destination Clock Delay (DCD):    1.991ns
    Source Clock Delay      (SCD):    1.476ns
    Clock Pessimism Removal (CPR):    0.515ns

    Location             Delay type                Incr(ns)  Path(ns)    Netlist Resource(s)
  -------------------------------------------------------------------    -------------------
                         (clock sys_clk_pin rise edge)
                                                      0.000     0.000 r  
    W5                                                0.000     0.000 r  i_clk (IN)
                         net (fo=0)                   0.000     0.000    i_clk
    W5                   IBUF (Prop_ibuf_I_O)         0.226     0.226 r  i_clk_IBUF_inst/O
                         net (fo=1, routed)           0.631     0.858    i_clk_IBUF
    BUFGCTRL_X0Y0        BUFG (Prop_bufg_I_O)         0.026     0.884 r  i_clk_IBUF_BUFG_inst/O
                         net (fo=208, routed)         0.593     1.476    U_RV32I_CPU/U_CONTROL_UNIT/U_PROGRAM_COUNTER/i_clk_IBUF_BUFG
    SLICE_X1Y38          FDRE                                         r  U_RV32I_CPU/U_CONTROL_UNIT/U_PROGRAM_COUNTER/c_addr_reg[13]/C
  -------------------------------------------------------------------    -------------------
    SLICE_X1Y38          FDRE (Prop_fdre_C_Q)         0.141     1.617 r  U_RV32I_CPU/U_CONTROL_UNIT/U_PROGRAM_COUNTER/c_addr_reg[13]/Q
                         net (fo=3, routed)           0.168     1.785    U_RV32I_CPU/U_CONTROL_UNIT/U_PROGRAM_COUNTER/c_addr_reg[13]
    SLICE_X1Y38          LUT3 (Prop_lut3_I0_O)        0.045     1.830 r  U_RV32I_CPU/U_CONTROL_UNIT/U_PROGRAM_COUNTER/c_addr[13]_i_5/O
                         net (fo=1, routed)           0.000     1.830    U_RV32I_CPU/U_CONTROL_UNIT/U_PROGRAM_COUNTER/c_addr[13]_i_5_n_0
    SLICE_X1Y38          CARRY4 (Prop_carry4_S[0]_O[0])
                                                      0.070     1.900 r  U_RV32I_CPU/U_CONTROL_UNIT/U_PROGRAM_COUNTER/c_addr_reg[13]_i_1/O[0]
                         net (fo=1, routed)           0.000     1.900    U_RV32I_CPU/U_CONTROL_UNIT/U_PROGRAM_COUNTER/c_addr_reg[13]_i_1_n_7
    SLICE_X1Y38          FDRE                                         r  U_RV32I_CPU/U_CONTROL_UNIT/U_PROGRAM_COUNTER/c_addr_reg[13]/D
  -------------------------------------------------------------------    -------------------

                         (clock sys_clk_pin rise edge)
                                                      0.000     0.000 r  
    W5                                                0.000     0.000 r  i_clk (IN)
                         net (fo=0)                   0.000     0.000    i_clk
    W5                   IBUF (Prop_ibuf_I_O)         0.414     0.414 r  i_clk_IBUF_inst/O
                         net (fo=1, routed)           0.685     1.099    i_clk_IBUF
    BUFGCTRL_X0Y0        BUFG (Prop_bufg_I_O)         0.029     1.128 r  i_clk_IBUF_BUFG_inst/O
                         net (fo=208, routed)         0.864     1.991    U_RV32I_CPU/U_CONTROL_UNIT/U_PROGRAM_COUNTER/i_clk_IBUF_BUFG
    SLICE_X1Y38          FDRE                                         r  U_RV32I_CPU/U_CONTROL_UNIT/U_PROGRAM_COUNTER/c_addr_reg[13]/C
                         clock pessimism             -0.515     1.476    
    SLICE_X1Y38          FDRE (Hold_fdre_C_D)         0.105     1.581    U_RV32I_CPU/U_CONTROL_UNIT/U_PROGRAM_COUNTER/c_addr_reg[13]
  -------------------------------------------------------------------
                         required time                         -1.581    
                         arrival time                           1.900    
  -------------------------------------------------------------------
                         slack                                  0.319    

Slack (MET) :             0.319ns  (arrival time - required time)
  Source:                 U_RV32I_CPU/U_CONTROL_UNIT/U_PROGRAM_COUNTER/c_addr_reg[25]/C
                            (rising edge-triggered cell FDRE clocked by sys_clk_pin  {rise@0.000ns fall@5.000ns period=10.000ns})
  Destination:            U_RV32I_CPU/U_CONTROL_UNIT/U_PROGRAM_COUNTER/c_addr_reg[25]/D
                            (rising edge-triggered cell FDRE clocked by sys_clk_pin  {rise@0.000ns fall@5.000ns period=10.000ns})
  Path Group:             sys_clk_pin
  Path Type:              Hold (Min at Fast Process Corner)
  Requirement:            0.000ns  (sys_clk_pin rise@0.000ns - sys_clk_pin rise@0.000ns)
  Data Path Delay:        0.424ns  (logic 0.256ns (60.343%)  route 0.168ns (39.657%))
  Logic Levels:           2  (CARRY4=1 LUT3=1)
  Clock Path Skew:        0.000ns (DCD - SCD - CPR)
    Destination Clock Delay (DCD):    1.992ns
    Source Clock Delay      (SCD):    1.477ns
    Clock Pessimism Removal (CPR):    0.515ns

    Location             Delay type                Incr(ns)  Path(ns)    Netlist Resource(s)
  -------------------------------------------------------------------    -------------------
                         (clock sys_clk_pin rise edge)
                                                      0.000     0.000 r  
    W5                                                0.000     0.000 r  i_clk (IN)
                         net (fo=0)                   0.000     0.000    i_clk
    W5                   IBUF (Prop_ibuf_I_O)         0.226     0.226 r  i_clk_IBUF_inst/O
                         net (fo=1, routed)           0.631     0.858    i_clk_IBUF
    BUFGCTRL_X0Y0        BUFG (Prop_bufg_I_O)         0.026     0.884 r  i_clk_IBUF_BUFG_inst/O
                         net (fo=208, routed)         0.594     1.477    U_RV32I_CPU/U_CONTROL_UNIT/U_PROGRAM_COUNTER/i_clk_IBUF_BUFG
    SLICE_X1Y41          FDRE                                         r  U_RV32I_CPU/U_CONTROL_UNIT/U_PROGRAM_COUNTER/c_addr_reg[25]/C
  -------------------------------------------------------------------    -------------------
    SLICE_X1Y41          FDRE (Prop_fdre_C_Q)         0.141     1.618 r  U_RV32I_CPU/U_CONTROL_UNIT/U_PROGRAM_COUNTER/c_addr_reg[25]/Q
                         net (fo=3, routed)           0.168     1.786    U_RV32I_CPU/U_CONTROL_UNIT/U_PROGRAM_COUNTER/c_addr_reg[25]
    SLICE_X1Y41          LUT3 (Prop_lut3_I0_O)        0.045     1.831 r  U_RV32I_CPU/U_CONTROL_UNIT/U_PROGRAM_COUNTER/c_addr[25]_i_5/O
                         net (fo=1, routed)           0.000     1.831    U_RV32I_CPU/U_CONTROL_UNIT/U_PROGRAM_COUNTER/c_addr[25]_i_5_n_0
    SLICE_X1Y41          CARRY4 (Prop_carry4_S[0]_O[0])
                                                      0.070     1.901 r  U_RV32I_CPU/U_CONTROL_UNIT/U_PROGRAM_COUNTER/c_addr_reg[25]_i_1/O[0]
                         net (fo=1, routed)           0.000     1.901    U_RV32I_CPU/U_CONTROL_UNIT/U_PROGRAM_COUNTER/c_addr_reg[25]_i_1_n_7
    SLICE_X1Y41          FDRE                                         r  U_RV32I_CPU/U_CONTROL_UNIT/U_PROGRAM_COUNTER/c_addr_reg[25]/D
  -------------------------------------------------------------------    -------------------

                         (clock sys_clk_pin rise edge)
                                                      0.000     0.000 r  
    W5                                                0.000     0.000 r  i_clk (IN)
                         net (fo=0)                   0.000     0.000    i_clk
    W5                   IBUF (Prop_ibuf_I_O)         0.414     0.414 r  i_clk_IBUF_inst/O
                         net (fo=1, routed)           0.685     1.099    i_clk_IBUF
    BUFGCTRL_X0Y0        BUFG (Prop_bufg_I_O)         0.029     1.128 r  i_clk_IBUF_BUFG_inst/O
                         net (fo=208, routed)         0.865     1.992    U_RV32I_CPU/U_CONTROL_UNIT/U_PROGRAM_COUNTER/i_clk_IBUF_BUFG
    SLICE_X1Y41          FDRE                                         r  U_RV32I_CPU/U_CONTROL_UNIT/U_PROGRAM_COUNTER/c_addr_reg[25]/C
                         clock pessimism             -0.515     1.477    
    SLICE_X1Y41          FDRE (Hold_fdre_C_D)         0.105     1.582    U_RV32I_CPU/U_CONTROL_UNIT/U_PROGRAM_COUNTER/c_addr_reg[25]
  -------------------------------------------------------------------
                         required time                         -1.582    
                         arrival time                           1.901    
  -------------------------------------------------------------------
                         slack                                  0.319    

Slack (MET) :             0.319ns  (arrival time - required time)
  Source:                 U_RV32I_CPU/U_CONTROL_UNIT/U_PROGRAM_COUNTER/c_addr_reg[1]/C
                            (rising edge-triggered cell FDRE clocked by sys_clk_pin  {rise@0.000ns fall@5.000ns period=10.000ns})
  Destination:            U_RV32I_CPU/U_CONTROL_UNIT/U_PROGRAM_COUNTER/c_addr_reg[1]/D
                            (rising edge-triggered cell FDRE clocked by sys_clk_pin  {rise@0.000ns fall@5.000ns period=10.000ns})
  Path Group:             sys_clk_pin
  Path Type:              Hold (Min at Fast Process Corner)
  Requirement:            0.000ns  (sys_clk_pin rise@0.000ns - sys_clk_pin rise@0.000ns)
  Data Path Delay:        0.424ns  (logic 0.256ns (60.334%)  route 0.168ns (39.666%))
  Logic Levels:           2  (CARRY4=1 LUT3=1)
  Clock Path Skew:        0.000ns (DCD - SCD - CPR)
    Destination Clock Delay (DCD):    1.988ns
    Source Clock Delay      (SCD):    1.474ns
    Clock Pessimism Removal (CPR):    0.514ns

    Location             Delay type                Incr(ns)  Path(ns)    Netlist Resource(s)
  -------------------------------------------------------------------    -------------------
                         (clock sys_clk_pin rise edge)
                                                      0.000     0.000 r  
    W5                                                0.000     0.000 r  i_clk (IN)
                         net (fo=0)                   0.000     0.000    i_clk
    W5                   IBUF (Prop_ibuf_I_O)         0.226     0.226 r  i_clk_IBUF_inst/O
                         net (fo=1, routed)           0.631     0.858    i_clk_IBUF
    BUFGCTRL_X0Y0        BUFG (Prop_bufg_I_O)         0.026     0.884 r  i_clk_IBUF_BUFG_inst/O
                         net (fo=208, routed)         0.591     1.474    U_RV32I_CPU/U_CONTROL_UNIT/U_PROGRAM_COUNTER/i_clk_IBUF_BUFG
    SLICE_X1Y35          FDRE                                         r  U_RV32I_CPU/U_CONTROL_UNIT/U_PROGRAM_COUNTER/c_addr_reg[1]/C
  -------------------------------------------------------------------    -------------------
    SLICE_X1Y35          FDRE (Prop_fdre_C_Q)         0.141     1.615 r  U_RV32I_CPU/U_CONTROL_UNIT/U_PROGRAM_COUNTER/c_addr_reg[1]/Q
                         net (fo=3, routed)           0.168     1.783    U_RV32I_CPU/U_CONTROL_UNIT/U_PROGRAM_COUNTER/c_addr_reg[1]
    SLICE_X1Y35          LUT3 (Prop_lut3_I0_O)        0.045     1.828 r  U_RV32I_CPU/U_CONTROL_UNIT/U_PROGRAM_COUNTER/c_addr[1]_i_6/O
                         net (fo=1, routed)           0.000     1.828    U_RV32I_CPU/U_CONTROL_UNIT/U_PROGRAM_COUNTER/c_addr[1]_i_6_n_0
    SLICE_X1Y35          CARRY4 (Prop_carry4_S[0]_O[0])
                                                      0.070     1.898 r  U_RV32I_CPU/U_CONTROL_UNIT/U_PROGRAM_COUNTER/c_addr_reg[1]_i_1/O[0]
                         net (fo=1, routed)           0.000     1.898    U_RV32I_CPU/U_CONTROL_UNIT/U_PROGRAM_COUNTER/c_addr_reg[1]_i_1_n_7
    SLICE_X1Y35          FDRE                                         r  U_RV32I_CPU/U_CONTROL_UNIT/U_PROGRAM_COUNTER/c_addr_reg[1]/D
  -------------------------------------------------------------------    -------------------

                         (clock sys_clk_pin rise edge)
                                                      0.000     0.000 r  
    W5                                                0.000     0.000 r  i_clk (IN)
                         net (fo=0)                   0.000     0.000    i_clk
    W5                   IBUF (Prop_ibuf_I_O)         0.414     0.414 r  i_clk_IBUF_inst/O
                         net (fo=1, routed)           0.685     1.099    i_clk_IBUF
    BUFGCTRL_X0Y0        BUFG (Prop_bufg_I_O)         0.029     1.128 r  i_clk_IBUF_BUFG_inst/O
                         net (fo=208, routed)         0.861     1.988    U_RV32I_CPU/U_CONTROL_UNIT/U_PROGRAM_COUNTER/i_clk_IBUF_BUFG
    SLICE_X1Y35          FDRE                                         r  U_RV32I_CPU/U_CONTROL_UNIT/U_PROGRAM_COUNTER/c_addr_reg[1]/C
                         clock pessimism             -0.514     1.474    
    SLICE_X1Y35          FDRE (Hold_fdre_C_D)         0.105     1.579    U_RV32I_CPU/U_CONTROL_UNIT/U_PROGRAM_COUNTER/c_addr_reg[1]
  -------------------------------------------------------------------
                         required time                         -1.579    
                         arrival time                           1.898    
  -------------------------------------------------------------------
                         slack                                  0.319    

Slack (MET) :             0.319ns  (arrival time - required time)
  Source:                 U_RV32I_CPU/U_CONTROL_UNIT/U_PROGRAM_COUNTER/c_addr_reg[21]/C
                            (rising edge-triggered cell FDRE clocked by sys_clk_pin  {rise@0.000ns fall@5.000ns period=10.000ns})
  Destination:            U_RV32I_CPU/U_CONTROL_UNIT/U_PROGRAM_COUNTER/c_addr_reg[21]/D
                            (rising edge-triggered cell FDRE clocked by sys_clk_pin  {rise@0.000ns fall@5.000ns period=10.000ns})
  Path Group:             sys_clk_pin
  Path Type:              Hold (Min at Fast Process Corner)
  Requirement:            0.000ns  (sys_clk_pin rise@0.000ns - sys_clk_pin rise@0.000ns)
  Data Path Delay:        0.424ns  (logic 0.256ns (60.334%)  route 0.168ns (39.666%))
  Logic Levels:           2  (CARRY4=1 LUT3=1)
  Clock Path Skew:        0.000ns (DCD - SCD - CPR)
    Destination Clock Delay (DCD):    1.992ns
    Source Clock Delay      (SCD):    1.477ns
    Clock Pessimism Removal (CPR):    0.515ns

    Location             Delay type                Incr(ns)  Path(ns)    Netlist Resource(s)
  -------------------------------------------------------------------    -------------------
                         (clock sys_clk_pin rise edge)
                                                      0.000     0.000 r  
    W5                                                0.000     0.000 r  i_clk (IN)
                         net (fo=0)                   0.000     0.000    i_clk
    W5                   IBUF (Prop_ibuf_I_O)         0.226     0.226 r  i_clk_IBUF_inst/O
                         net (fo=1, routed)           0.631     0.858    i_clk_IBUF
    BUFGCTRL_X0Y0        BUFG (Prop_bufg_I_O)         0.026     0.884 r  i_clk_IBUF_BUFG_inst/O
                         net (fo=208, routed)         0.594     1.477    U_RV32I_CPU/U_CONTROL_UNIT/U_PROGRAM_COUNTER/i_clk_IBUF_BUFG
    SLICE_X1Y40          FDRE                                         r  U_RV32I_CPU/U_CONTROL_UNIT/U_PROGRAM_COUNTER/c_addr_reg[21]/C
  -------------------------------------------------------------------    -------------------
    SLICE_X1Y40          FDRE (Prop_fdre_C_Q)         0.141     1.618 r  U_RV32I_CPU/U_CONTROL_UNIT/U_PROGRAM_COUNTER/c_addr_reg[21]/Q
                         net (fo=3, routed)           0.168     1.786    U_RV32I_CPU/U_CONTROL_UNIT/U_PROGRAM_COUNTER/c_addr_reg[21]
    SLICE_X1Y40          LUT3 (Prop_lut3_I0_O)        0.045     1.831 r  U_RV32I_CPU/U_CONTROL_UNIT/U_PROGRAM_COUNTER/c_addr[21]_i_5/O
                         net (fo=1, routed)           0.000     1.831    U_RV32I_CPU/U_CONTROL_UNIT/U_PROGRAM_COUNTER/c_addr[21]_i_5_n_0
    SLICE_X1Y40          CARRY4 (Prop_carry4_S[0]_O[0])
                                                      0.070     1.901 r  U_RV32I_CPU/U_CONTROL_UNIT/U_PROGRAM_COUNTER/c_addr_reg[21]_i_1/O[0]
                         net (fo=1, routed)           0.000     1.901    U_RV32I_CPU/U_CONTROL_UNIT/U_PROGRAM_COUNTER/c_addr_reg[21]_i_1_n_7
    SLICE_X1Y40          FDRE                                         r  U_RV32I_CPU/U_CONTROL_UNIT/U_PROGRAM_COUNTER/c_addr_reg[21]/D
  -------------------------------------------------------------------    -------------------

                         (clock sys_clk_pin rise edge)
                                                      0.000     0.000 r  
    W5                                                0.000     0.000 r  i_clk (IN)
                         net (fo=0)                   0.000     0.000    i_clk
    W5                   IBUF (Prop_ibuf_I_O)         0.414     0.414 r  i_clk_IBUF_inst/O
                         net (fo=1, routed)           0.685     1.099    i_clk_IBUF
    BUFGCTRL_X0Y0        BUFG (Prop_bufg_I_O)         0.029     1.128 r  i_clk_IBUF_BUFG_inst/O
                         net (fo=208, routed)         0.865     1.992    U_RV32I_CPU/U_CONTROL_UNIT/U_PROGRAM_COUNTER/i_clk_IBUF_BUFG
    SLICE_X1Y40          FDRE                                         r  U_RV32I_CPU/U_CONTROL_UNIT/U_PROGRAM_COUNTER/c_addr_reg[21]/C
                         clock pessimism             -0.515     1.477    
    SLICE_X1Y40          FDRE (Hold_fdre_C_D)         0.105     1.582    U_RV32I_CPU/U_CONTROL_UNIT/U_PROGRAM_COUNTER/c_addr_reg[21]
  -------------------------------------------------------------------
                         required time                         -1.582    
                         arrival time                           1.901    
  -------------------------------------------------------------------
                         slack                                  0.319    

Slack (MET) :             0.321ns  (arrival time - required time)
  Source:                 U_RV32I_CPU/U_CONTROL_UNIT/U_PROGRAM_COUNTER/c_addr_reg[5]/C
                            (rising edge-triggered cell FDRE clocked by sys_clk_pin  {rise@0.000ns fall@5.000ns period=10.000ns})
  Destination:            U_RV32I_CPU/U_CONTROL_UNIT/U_PROGRAM_COUNTER/c_addr_reg[5]/D
                            (rising edge-triggered cell FDRE clocked by sys_clk_pin  {rise@0.000ns fall@5.000ns period=10.000ns})
  Path Group:             sys_clk_pin
  Path Type:              Hold (Min at Fast Process Corner)
  Requirement:            0.000ns  (sys_clk_pin rise@0.000ns - sys_clk_pin rise@0.000ns)
  Data Path Delay:        0.426ns  (logic 0.256ns (60.144%)  route 0.170ns (39.856%))
  Logic Levels:           2  (CARRY4=1 LUT3=1)
  Clock Path Skew:        0.000ns (DCD - SCD - CPR)
    Destination Clock Delay (DCD):    1.988ns
    Source Clock Delay      (SCD):    1.474ns
    Clock Pessimism Removal (CPR):    0.514ns

    Location             Delay type                Incr(ns)  Path(ns)    Netlist Resource(s)
  -------------------------------------------------------------------    -------------------
                         (clock sys_clk_pin rise edge)
                                                      0.000     0.000 r  
    W5                                                0.000     0.000 r  i_clk (IN)
                         net (fo=0)                   0.000     0.000    i_clk
    W5                   IBUF (Prop_ibuf_I_O)         0.226     0.226 r  i_clk_IBUF_inst/O
                         net (fo=1, routed)           0.631     0.858    i_clk_IBUF
    BUFGCTRL_X0Y0        BUFG (Prop_bufg_I_O)         0.026     0.884 r  i_clk_IBUF_BUFG_inst/O
                         net (fo=208, routed)         0.591     1.474    U_RV32I_CPU/U_CONTROL_UNIT/U_PROGRAM_COUNTER/i_clk_IBUF_BUFG
    SLICE_X1Y36          FDRE                                         r  U_RV32I_CPU/U_CONTROL_UNIT/U_PROGRAM_COUNTER/c_addr_reg[5]/C
  -------------------------------------------------------------------    -------------------
    SLICE_X1Y36          FDRE (Prop_fdre_C_Q)         0.141     1.615 r  U_RV32I_CPU/U_CONTROL_UNIT/U_PROGRAM_COUNTER/c_addr_reg[5]/Q
                         net (fo=3, routed)           0.170     1.785    U_RV32I_CPU/U_CONTROL_UNIT/U_PROGRAM_COUNTER/c_addr_reg[5]
    SLICE_X1Y36          LUT3 (Prop_lut3_I0_O)        0.045     1.830 r  U_RV32I_CPU/U_CONTROL_UNIT/U_PROGRAM_COUNTER/c_addr[5]_i_5/O
                         net (fo=1, routed)           0.000     1.830    U_RV32I_CPU/U_CONTROL_UNIT/U_PROGRAM_COUNTER/c_addr[5]_i_5_n_0
    SLICE_X1Y36          CARRY4 (Prop_carry4_S[0]_O[0])
                                                      0.070     1.900 r  U_RV32I_CPU/U_CONTROL_UNIT/U_PROGRAM_COUNTER/c_addr_reg[5]_i_1/O[0]
                         net (fo=1, routed)           0.000     1.900    U_RV32I_CPU/U_CONTROL_UNIT/U_PROGRAM_COUNTER/c_addr_reg[5]_i_1_n_7
    SLICE_X1Y36          FDRE                                         r  U_RV32I_CPU/U_CONTROL_UNIT/U_PROGRAM_COUNTER/c_addr_reg[5]/D
  -------------------------------------------------------------------    -------------------

                         (clock sys_clk_pin rise edge)
                                                      0.000     0.000 r  
    W5                                                0.000     0.000 r  i_clk (IN)
                         net (fo=0)                   0.000     0.000    i_clk
    W5                   IBUF (Prop_ibuf_I_O)         0.414     0.414 r  i_clk_IBUF_inst/O
                         net (fo=1, routed)           0.685     1.099    i_clk_IBUF
    BUFGCTRL_X0Y0        BUFG (Prop_bufg_I_O)         0.029     1.128 r  i_clk_IBUF_BUFG_inst/O
                         net (fo=208, routed)         0.861     1.988    U_RV32I_CPU/U_CONTROL_UNIT/U_PROGRAM_COUNTER/i_clk_IBUF_BUFG
    SLICE_X1Y36          FDRE                                         r  U_RV32I_CPU/U_CONTROL_UNIT/U_PROGRAM_COUNTER/c_addr_reg[5]/C
                         clock pessimism             -0.514     1.474    
    SLICE_X1Y36          FDRE (Hold_fdre_C_D)         0.105     1.579    U_RV32I_CPU/U_CONTROL_UNIT/U_PROGRAM_COUNTER/c_addr_reg[5]
  -------------------------------------------------------------------
                         required time                         -1.579    
                         arrival time                           1.900    
  -------------------------------------------------------------------
                         slack                                  0.321    





Pulse Width Checks
--------------------------------------------------------------------------------------
Clock Name:         sys_clk_pin
Waveform(ns):       { 0.000 5.000 }
Period(ns):         10.000
Sources:            { i_clk }

Check Type        Corner  Lib Pin      Reference Pin  Required(ns)  Actual(ns)  Slack(ns)  Location       Pin
Min Period        n/a     BUFG/I       n/a            2.155         10.000      7.845      BUFGCTRL_X0Y0  i_clk_IBUF_BUFG_inst/I
Min Period        n/a     FDRE/C       n/a            1.000         10.000      9.000      SLICE_X1Y39    U_RV32I_CPU/U_CONTROL_UNIT/U_PROGRAM_COUNTER/c_addr_reg[20]/C
Min Period        n/a     FDRE/C       n/a            1.000         10.000      9.000      SLICE_X1Y40    U_RV32I_CPU/U_CONTROL_UNIT/U_PROGRAM_COUNTER/c_addr_reg[21]/C
Min Period        n/a     FDRE/C       n/a            1.000         10.000      9.000      SLICE_X1Y40    U_RV32I_CPU/U_CONTROL_UNIT/U_PROGRAM_COUNTER/c_addr_reg[22]/C
Min Period        n/a     FDRE/C       n/a            1.000         10.000      9.000      SLICE_X1Y40    U_RV32I_CPU/U_CONTROL_UNIT/U_PROGRAM_COUNTER/c_addr_reg[23]/C
Min Period        n/a     FDRE/C       n/a            1.000         10.000      9.000      SLICE_X1Y40    U_RV32I_CPU/U_CONTROL_UNIT/U_PROGRAM_COUNTER/c_addr_reg[24]/C
Min Period        n/a     FDRE/C       n/a            1.000         10.000      9.000      SLICE_X1Y41    U_RV32I_CPU/U_CONTROL_UNIT/U_PROGRAM_COUNTER/c_addr_reg[25]/C
Min Period        n/a     FDRE/C       n/a            1.000         10.000      9.000      SLICE_X1Y41    U_RV32I_CPU/U_CONTROL_UNIT/U_PROGRAM_COUNTER/c_addr_reg[26]/C
Min Period        n/a     FDRE/C       n/a            1.000         10.000      9.000      SLICE_X1Y41    U_RV32I_CPU/U_CONTROL_UNIT/U_PROGRAM_COUNTER/c_addr_reg[27]/C
Min Period        n/a     FDRE/C       n/a            1.000         10.000      9.000      SLICE_X1Y41    U_RV32I_CPU/U_CONTROL_UNIT/U_PROGRAM_COUNTER/c_addr_reg[28]/C
Low Pulse Width   Slow    RAMD32/CLK   n/a            1.250         5.000       3.750      SLICE_X10Y35   U_RV32I_CPU/U_DATAPAHT/U_REG_FILE/ram_file_reg_r2_0_31_24_29/RAMA_D1/CLK
Low Pulse Width   Slow    RAMD32/CLK   n/a            1.250         5.000       3.750      SLICE_X10Y35   U_RV32I_CPU/U_DATAPAHT/U_REG_FILE/ram_file_reg_r2_0_31_24_29/RAMB/CLK
Low Pulse Width   Slow    RAMD32/CLK   n/a            1.250         5.000       3.750      SLICE_X10Y35   U_RV32I_CPU/U_DATAPAHT/U_REG_FILE/ram_file_reg_r2_0_31_24_29/RAMB_D1/CLK
Low Pulse Width   Slow    RAMD32/CLK   n/a            1.250         5.000       3.750      SLICE_X10Y35   U_RV32I_CPU/U_DATAPAHT/U_REG_FILE/ram_file_reg_r2_0_31_24_29/RAMC/CLK
Low Pulse Width   Slow    RAMD32/CLK   n/a            1.250         5.000       3.750      SLICE_X10Y35   U_RV32I_CPU/U_DATAPAHT/U_REG_FILE/ram_file_reg_r2_0_31_24_29/RAMC_D1/CLK
Low Pulse Width   Slow    RAMS32/CLK   n/a            1.250         5.000       3.750      SLICE_X10Y35   U_RV32I_CPU/U_DATAPAHT/U_REG_FILE/ram_file_reg_r2_0_31_24_29/RAMD/CLK
Low Pulse Width   Slow    RAMS32/CLK   n/a            1.250         5.000       3.750      SLICE_X10Y35   U_RV32I_CPU/U_DATAPAHT/U_REG_FILE/ram_file_reg_r2_0_31_24_29/RAMD_D1/CLK
Low Pulse Width   Slow    RAMD32/CLK   n/a            1.250         5.000       3.750      SLICE_X8Y35    U_RV32I_CPU/U_DATAPAHT/U_REG_FILE/ram_file_reg_r2_0_31_30_31/RAMA/CLK
Low Pulse Width   Slow    RAMD32/CLK   n/a            1.250         5.000       3.750      SLICE_X8Y35    U_RV32I_CPU/U_DATAPAHT/U_REG_FILE/ram_file_reg_r2_0_31_30_31/RAMA_D1/CLK
Low Pulse Width   Slow    RAMD32/CLK   n/a            1.250         5.000       3.750      SLICE_X8Y35    U_RV32I_CPU/U_DATAPAHT/U_REG_FILE/ram_file_reg_r2_0_31_30_31/RAMB/CLK
High Pulse Width  Slow    RAMS64E/CLK  n/a            1.250         5.000       3.750      SLICE_X12Y30   U_DATA_RAM/d_ram_reg_0_127_11_11/HIGH/CLK
High Pulse Width  Slow    RAMS64E/CLK  n/a            1.250         5.000       3.750      SLICE_X12Y30   U_DATA_RAM/d_ram_reg_0_127_11_11/LOW/CLK
High Pulse Width  Slow    RAMS64E/CLK  n/a            1.250         5.000       3.750      SLICE_X14Y31   U_DATA_RAM/d_ram_reg_0_127_24_24/HIGH/CLK
High Pulse Width  Slow    RAMS64E/CLK  n/a            1.250         5.000       3.750      SLICE_X14Y31   U_DATA_RAM/d_ram_reg_0_127_24_24/LOW/CLK
High Pulse Width  Slow    RAMS64E/CLK  n/a            1.250         5.000       3.750      SLICE_X14Y31   U_DATA_RAM/d_ram_reg_0_127_25_25/HIGH/CLK
High Pulse Width  Slow    RAMS64E/CLK  n/a            1.250         5.000       3.750      SLICE_X10Y29   U_DATA_RAM/d_ram_reg_0_127_6_6/HIGH/CLK
High Pulse Width  Slow    RAMS64E/CLK  n/a            1.250         5.000       3.750      SLICE_X10Y29   U_DATA_RAM/d_ram_reg_0_127_6_6/LOW/CLK
High Pulse Width  Slow    RAMS64E/CLK  n/a            1.250         5.000       3.750      SLICE_X10Y29   U_DATA_RAM/d_ram_reg_0_127_7_7/HIGH/CLK
High Pulse Width  Slow    RAMS64E/CLK  n/a            1.250         5.000       3.750      SLICE_X10Y29   U_DATA_RAM/d_ram_reg_0_127_7_7/LOW/CLK
High Pulse Width  Slow    RAMS64E/CLK  n/a            1.250         5.000       3.750      SLICE_X12Y30   U_DATA_RAM/d_ram_reg_0_127_12_12/HIGH/CLK



