Copyright 1986-2020 Xilinx, Inc. All Rights Reserved.
--------------------------------------------------------------------------------------------------------------------------------------------------------------------------------------------------
| Tool Version : Vivado v.2020.2 (win64) Build 3064766 Wed Nov 18 09:12:45 MST 2020
| Date         : Mon Sep 28 03:15:23 2026
| Host         : DESKTOP-7CFQ9ND running 64-bit major release  (build 9200)
| Command      : report_timing_summary -max_paths 10 -file top_rv32i_timing_summary_routed.rpt -pb top_rv32i_timing_summary_routed.pb -rpx top_rv32i_timing_summary_routed.rpx -warn_on_violation
| Design       : top_rv32i
| Device       : 7a35t-cpg236
| Speed File   : -1  PRODUCTION 1.23 2018-06-13
--------------------------------------------------------------------------------------------------------------------------------------------------------------------------------------------------

Timing Summary Report

------------------------------------------------------------------------------------------------
| Timer Settings
| --------------
------------------------------------------------------------------------------------------------

  Enable Multi Corner Analysis               :  Yes
  Enable Pessimism Removal                   :  Yes
  Pessimism Removal Resolution               :  Nearest Common Node
  Enable Input Delay Default Clock           :  No
  Enable Preset / Clear Arcs                 :  No
  Disable Flight Delays                      :  No
  Ignore I/O Paths                           :  No
  Timing Early Launch at Borrowing Latches   :  No
  Borrow Time for Max Delay Exceptions       :  Yes
  Merge Timing Exceptions                    :  Yes

  Corner  Analyze    Analyze    
  Name    Max Paths  Min Paths  
  ------  ---------  ---------  
  Slow    Yes        Yes        
  Fast    Yes        Yes        



check_timing report

Table of Contents
-----------------
1. checking no_clock (0)
2. checking constant_clock (0)
3. checking pulse_width_clock (0)
4. checking unconstrained_internal_endpoints (0)
5. checking no_input_delay (1)
6. checking no_output_delay (7)
7. checking multiple_clock (0)
8. checking generated_clocks (0)
9. checking loops (0)
10. checking partial_input_delay (0)
11. checking partial_output_delay (0)
12. checking latch_loops (0)

1. checking no_clock (0)
------------------------
 There are 0 register/latch pins with no clock.


2. checking constant_clock (0)
------------------------------
 There are 0 register/latch pins with constant_clock.


3. checking pulse_width_clock (0)
---------------------------------
 There are 0 register/latch pins which need pulse_width check


4. checking unconstrained_internal_endpoints (0)
------------------------------------------------
 There are 0 pins that are not constrained for maximum delay.

 There are 0 pins that are not constrained for maximum delay due to constant clock.


5. checking no_input_delay (1)
------------------------------
 There is 1 input port with no input delay specified. (HIGH)

 There are 0 input ports with no input delay but user has a false path constraint.


6. checking no_output_delay (7)
-------------------------------
 There are 7 ports with no output delay specified. (HIGH)

 There are 0 ports with no output delay but user has a false path constraint

 There are 0 ports with no output delay but with a timing clock defined on it or propagating through it


7. checking multiple_clock (0)
------------------------------
 There are 0 register/latch pins with multiple clocks.


8. checking generated_clocks (0)
--------------------------------
 There are 0 generated clocks that are not connected to a clock source.


9. checking loops (0)
---------------------
 There are 0 combinational loops in the design.


10. checking partial_input_delay (0)
------------------------------------
 There are 0 input ports with partial input delay specified.


11. checking partial_output_delay (0)
-------------------------------------
 There are 0 ports with partial output delay specified.


12. checking latch_loops (0)
----------------------------
 There are 0 combinational latch loops in the design through latch input



------------------------------------------------------------------------------------------------
| Design Timing Summary
| ---------------------
------------------------------------------------------------------------------------------------

    WNS(ns)      TNS(ns)  TNS Failing Endpoints  TNS Total Endpoints      WHS(ns)      THS(ns)  THS Failing Endpoints  THS Total Endpoints     WPWS(ns)     TPWS(ns)  TPWS Failing Endpoints  TPWS Total Endpoints  
    -------      -------  ---------------------  -------------------      -------      -------  ---------------------  -------------------     --------     --------  ----------------------  --------------------  
      0.116        0.000                      0                 3437        0.151        0.000                      0                 3437        3.750        0.000                       0                  1492  


All user specified timing constraints are met.


------------------------------------------------------------------------------------------------
| Clock Summary
| -------------
------------------------------------------------------------------------------------------------

Clock        Waveform(ns)       Period(ns)      Frequency(MHz)
-----        ------------       ----------      --------------
sys_clk_pin  {0.000 5.000}      10.000          100.000         


------------------------------------------------------------------------------------------------
| Intra Clock Table
| -----------------
------------------------------------------------------------------------------------------------

Clock             WNS(ns)      TNS(ns)  TNS Failing Endpoints  TNS Total Endpoints      WHS(ns)      THS(ns)  THS Failing Endpoints  THS Total Endpoints     WPWS(ns)     TPWS(ns)  TPWS Failing Endpoints  TPWS Total Endpoints  
-----             -------      -------  ---------------------  -------------------      -------      -------  ---------------------  -------------------     --------     --------  ----------------------  --------------------  
sys_clk_pin         0.116        0.000                      0                 3437        0.151        0.000                      0                 3437        3.750        0.000                       0                  1492  


------------------------------------------------------------------------------------------------
| Inter Clock Table
| -----------------
------------------------------------------------------------------------------------------------

From Clock    To Clock          WNS(ns)      TNS(ns)  TNS Failing Endpoints  TNS Total Endpoints      WHS(ns)      THS(ns)  THS Failing Endpoints  THS Total Endpoints  
----------    --------          -------      -------  ---------------------  -------------------      -------      -------  ---------------------  -------------------  


------------------------------------------------------------------------------------------------
| Other Path Groups Table
| -----------------------
------------------------------------------------------------------------------------------------

Path Group    From Clock    To Clock          WNS(ns)      TNS(ns)  TNS Failing Endpoints  TNS Total Endpoints      WHS(ns)      THS(ns)  THS Failing Endpoints  THS Total Endpoints  
----------    ----------    --------          -------      -------  ---------------------  -------------------      -------      -------  ---------------------  -------------------  


------------------------------------------------------------------------------------------------
| Timing Details
| --------------
------------------------------------------------------------------------------------------------


---------------------------------------------------------------------------------------------------
From Clock:  sys_clk_pin
  To Clock:  sys_clk_pin

Setup :            0  Failing Endpoints,  Worst Slack        0.116ns,  Total Violation        0.000ns
Hold  :            0  Failing Endpoints,  Worst Slack        0.151ns,  Total Violation        0.000ns
PW    :            0  Failing Endpoints,  Worst Slack        3.750ns,  Total Violation        0.000ns
---------------------------------------------------------------------------------------------------


Max Delay Paths
--------------------------------------------------------------------------------------
Slack (MET) :             0.116ns  (required time - arrival time)
  Source:                 U_RV32I_CPU/U_DATAPAHT/U_REG_EN_ALU1_DOF_TO_EX/o_out_reg[17]/C
                            (rising edge-triggered cell FDRE clocked by sys_clk_pin  {rise@0.000ns fall@5.000ns period=10.000ns})
  Destination:            U_RV32I_CPU/U_DATAPAHT/U_REG_EN_RAM_RD_EX_TO_WB/o_out_reg[0]/D
                            (rising edge-triggered cell FDRE clocked by sys_clk_pin  {rise@0.000ns fall@5.000ns period=10.000ns})
  Path Group:             sys_clk_pin
  Path Type:              Setup (Max at Slow Process Corner)
  Requirement:            10.000ns  (sys_clk_pin rise@10.000ns - sys_clk_pin rise@0.000ns)
  Data Path Delay:        9.721ns  (logic 2.496ns (25.677%)  route 7.225ns (74.323%))
  Logic Levels:           10  (LUT3=1 LUT4=1 LUT5=1 LUT6=5 MUXF7=2)
  Clock Path Skew:        -0.112ns (DCD - SCD + CPR)
    Destination Clock Delay (DCD):    4.855ns = ( 14.855 - 10.000 ) 
    Source Clock Delay      (SCD):    5.147ns
    Clock Pessimism Removal (CPR):    0.180ns
  Clock Uncertainty:      0.035ns  ((TSJ^2 + TIJ^2)^1/2 + DJ) / 2 + PE
    Total System Jitter     (TSJ):    0.071ns
    Total Input Jitter      (TIJ):    0.000ns
    Discrete Jitter          (DJ):    0.000ns
    Phase Error              (PE):    0.000ns

    Location             Delay type                Incr(ns)  Path(ns)    Netlist Resource(s)
  -------------------------------------------------------------------    -------------------
                         (clock sys_clk_pin rise edge)
                                                      0.000     0.000 r  
    W5                                                0.000     0.000 r  i_clk (IN)
                         net (fo=0)                   0.000     0.000    i_clk
    W5                   IBUF (Prop_ibuf_I_O)         1.458     1.458 r  i_clk_IBUF_inst/O
                         net (fo=1, routed)           1.967     3.425    i_clk_IBUF
    BUFGCTRL_X0Y0        BUFG (Prop_bufg_I_O)         0.096     3.521 r  i_clk_IBUF_BUFG_inst/O
                         net (fo=1491, routed)        1.626     5.147    U_RV32I_CPU/U_DATAPAHT/U_REG_EN_ALU1_DOF_TO_EX/i_clk_IBUF_BUFG
    SLICE_X3Y56          FDRE                                         r  U_RV32I_CPU/U_DATAPAHT/U_REG_EN_ALU1_DOF_TO_EX/o_out_reg[17]/C
  -------------------------------------------------------------------    -------------------
    SLICE_X3Y56          FDRE (Prop_fdre_C_Q)         0.456     5.603 r  U_RV32I_CPU/U_DATAPAHT/U_REG_EN_ALU1_DOF_TO_EX/o_out_reg[17]/Q
                         net (fo=24, routed)          1.837     7.440    U_RV32I_CPU/U_DATAPAHT/U_REG_EN_ALU1_DOF_TO_EX/Q[17]
    SLICE_X14Y44         LUT5 (Prop_lut5_I0_O)        0.124     7.564 r  U_RV32I_CPU/U_DATAPAHT/U_REG_EN_ALU1_DOF_TO_EX/o_out[5]_i_12__1/O
                         net (fo=2, routed)           0.313     7.877    U_RV32I_CPU/U_DATAPAHT/U_REG_EN_ALU1_DOF_TO_EX/o_out[5]_i_12__1_n_0
    SLICE_X14Y43         LUT6 (Prop_lut6_I5_O)        0.124     8.001 r  U_RV32I_CPU/U_DATAPAHT/U_REG_EN_ALU1_DOF_TO_EX/o_out[9]_i_12__1/O
                         net (fo=2, routed)           0.425     8.426    U_RV32I_CPU/U_DATAPAHT/U_REG_EN_ALU1_DOF_TO_EX/o_out[9]_i_12__1_n_0
    SLICE_X14Y43         LUT3 (Prop_lut3_I2_O)        0.116     8.542 r  U_RV32I_CPU/U_DATAPAHT/U_REG_EN_ALU1_DOF_TO_EX/o_out[9]_i_9__1/O
                         net (fo=2, routed)           0.609     9.152    U_RV32I_CPU/U_DATAPAHT/U_REG_EN_ALU1_DOF_TO_EX/o_out[9]_i_9__1_n_0
    SLICE_X14Y41         LUT6 (Prop_lut6_I5_O)        0.328     9.480 r  U_RV32I_CPU/U_DATAPAHT/U_REG_EN_ALU1_DOF_TO_EX/o_out[8]_i_6/O
                         net (fo=1, routed)           0.451     9.931    U_RV32I_CPU/U_DATAPAHT/U_REG_EN_ALU1_DOF_TO_EX/U_ALU/data6[8]
    SLICE_X15Y41         LUT6 (Prop_lut6_I0_O)        0.124    10.055 r  U_RV32I_CPU/U_DATAPAHT/U_REG_EN_ALU1_DOF_TO_EX/o_out[8]_i_4/O
                         net (fo=1, routed)           0.474    10.529    U_RV32I_CPU/U_CONTROL_UNIT/U_REG_EN_ALU_CONTROL_DOF_TO_EX/o_out_reg[8]_1
    SLICE_X13Y41         LUT6 (Prop_lut6_I5_O)        0.124    10.653 r  U_RV32I_CPU/U_CONTROL_UNIT/U_REG_EN_ALU_CONTROL_DOF_TO_EX/o_out[8]_i_2/O
                         net (fo=1, routed)           0.000    10.653    U_RV32I_CPU/U_CONTROL_UNIT/U_REG_EN_ALU_CONTROL_DOF_TO_EX/o_out[8]_i_2_n_0
    SLICE_X13Y41         MUXF7 (Prop_muxf7_I0_O)      0.212    10.865 r  U_RV32I_CPU/U_CONTROL_UNIT/U_REG_EN_ALU_CONTROL_DOF_TO_EX/o_out_reg[8]_i_1/O
                         net (fo=97, routed)          1.056    11.921    U_DATA_RAM/d_ram_reg_0_127_16_16/A6
    SLICE_X10Y37         MUXF7 (Prop_muxf7_S_O)       0.467    12.388 r  U_DATA_RAM/d_ram_reg_0_127_16_16/F7/O
                         net (fo=3, routed)           0.767    13.155    U_RV32I_CPU/U_CONTROL_UNIT/U_REG_EN_ALU_CONTROL_DOF_TO_EX/p_2_in[0]
    SLICE_X2Y35          LUT4 (Prop_lut4_I3_O)        0.297    13.452 r  U_RV32I_CPU/U_CONTROL_UNIT/U_REG_EN_ALU_CONTROL_DOF_TO_EX/o_debug_OBUF[5]_inst_i_3/O
                         net (fo=1, routed)           0.670    14.122    U_RV32I_CPU/U_CONTROL_UNIT/U_REG_EN_TYPE_DOF_TO_EX/o_out_reg[0]_1
    SLICE_X2Y35          LUT6 (Prop_lut6_I2_O)        0.124    14.246 r  U_RV32I_CPU/U_CONTROL_UNIT/U_REG_EN_TYPE_DOF_TO_EX/o_debug_OBUF[5]_inst_i_1/O
                         net (fo=2, routed)           0.622    14.868    U_RV32I_CPU/U_DATAPAHT/U_REG_EN_RAM_RD_EX_TO_WB/o_out_reg[31]_1[0]
    SLICE_X2Y35          FDRE                                         r  U_RV32I_CPU/U_DATAPAHT/U_REG_EN_RAM_RD_EX_TO_WB/o_out_reg[0]/D
  -------------------------------------------------------------------    -------------------

                         (clock sys_clk_pin rise edge)
                                                     10.000    10.000 r  
    W5                                                0.000    10.000 r  i_clk (IN)
                         net (fo=0)                   0.000    10.000    i_clk
    W5                   IBUF (Prop_ibuf_I_O)         1.388    11.388 r  i_clk_IBUF_inst/O
                         net (fo=1, routed)           1.862    13.250    i_clk_IBUF
    BUFGCTRL_X0Y0        BUFG (Prop_bufg_I_O)         0.091    13.341 r  i_clk_IBUF_BUFG_inst/O
                         net (fo=1491, routed)        1.514    14.855    U_RV32I_CPU/U_DATAPAHT/U_REG_EN_RAM_RD_EX_TO_WB/i_clk_IBUF_BUFG
    SLICE_X2Y35          FDRE                                         r  U_RV32I_CPU/U_DATAPAHT/U_REG_EN_RAM_RD_EX_TO_WB/o_out_reg[0]/C
                         clock pessimism              0.180    15.035    
                         clock uncertainty           -0.035    15.000    
    SLICE_X2Y35          FDRE (Setup_fdre_C_D)       -0.016    14.984    U_RV32I_CPU/U_DATAPAHT/U_REG_EN_RAM_RD_EX_TO_WB/o_out_reg[0]
  -------------------------------------------------------------------
                         required time                         14.984    
                         arrival time                         -14.868    
  -------------------------------------------------------------------
                         slack                                  0.116    

Slack (MET) :             0.359ns  (required time - arrival time)
  Source:                 U_RV32I_CPU/U_DATAPAHT/U_REG_EN_ALU2_DOF_TO_EX/o_out_reg[23]/C
                            (rising edge-triggered cell FDRE clocked by sys_clk_pin  {rise@0.000ns fall@5.000ns period=10.000ns})
  Destination:            U_RV32I_CPU/U_DATAPAHT/U_REG_EN_RAM_RD_EX_TO_WB/o_out_reg[17]/D
                            (rising edge-triggered cell FDRE clocked by sys_clk_pin  {rise@0.000ns fall@5.000ns period=10.000ns})
  Path Group:             sys_clk_pin
  Path Type:              Setup (Max at Slow Process Corner)
  Requirement:            10.000ns  (sys_clk_pin rise@10.000ns - sys_clk_pin rise@0.000ns)
  Data Path Delay:        9.608ns  (logic 2.898ns (30.161%)  route 6.710ns (69.839%))
  Logic Levels:           11  (LUT4=1 LUT5=1 LUT6=6 MUXF7=2 RAMS64E=1)
  Clock Path Skew:        -0.028ns (DCD - SCD + CPR)
    Destination Clock Delay (DCD):    4.854ns = ( 14.854 - 10.000 ) 
    Source Clock Delay      (SCD):    5.155ns
    Clock Pessimism Removal (CPR):    0.273ns
  Clock Uncertainty:      0.035ns  ((TSJ^2 + TIJ^2)^1/2 + DJ) / 2 + PE
    Total System Jitter     (TSJ):    0.071ns
    Total Input Jitter      (TIJ):    0.000ns
    Discrete Jitter          (DJ):    0.000ns
    Phase Error              (PE):    0.000ns

    Location             Delay type                Incr(ns)  Path(ns)    Netlist Resource(s)
  -------------------------------------------------------------------    -------------------
                         (clock sys_clk_pin rise edge)
                                                      0.000     0.000 r  
    W5                                                0.000     0.000 r  i_clk (IN)
                         net (fo=0)                   0.000     0.000    i_clk
    W5                   IBUF (Prop_ibuf_I_O)         1.458     1.458 r  i_clk_IBUF_inst/O
                         net (fo=1, routed)           1.967     3.425    i_clk_IBUF
    BUFGCTRL_X0Y0        BUFG (Prop_bufg_I_O)         0.096     3.521 r  i_clk_IBUF_BUFG_inst/O
                         net (fo=1491, routed)        1.634     5.155    U_RV32I_CPU/U_DATAPAHT/U_REG_EN_ALU2_DOF_TO_EX/i_clk_IBUF_BUFG
    SLICE_X5Y41          FDRE                                         r  U_RV32I_CPU/U_DATAPAHT/U_REG_EN_ALU2_DOF_TO_EX/o_out_reg[23]/C
  -------------------------------------------------------------------    -------------------
    SLICE_X5Y41          FDRE (Prop_fdre_C_Q)         0.419     5.574 f  U_RV32I_CPU/U_DATAPAHT/U_REG_EN_ALU2_DOF_TO_EX/o_out_reg[23]/Q
                         net (fo=13, routed)          0.834     6.409    U_RV32I_CPU/U_DATAPAHT/U_REG_EN_ALU2_DOF_TO_EX/Q[23]
    SLICE_X6Y41          LUT4 (Prop_lut4_I0_O)        0.299     6.708 f  U_RV32I_CPU/U_DATAPAHT/U_REG_EN_ALU2_DOF_TO_EX/o_debug_OBUF[3]_inst_i_18/O
                         net (fo=2, routed)           0.445     7.153    U_RV32I_CPU/U_DATAPAHT/U_REG_EN_ALU2_DOF_TO_EX/o_debug_OBUF[3]_inst_i_18_n_0
    SLICE_X6Y40          LUT5 (Prop_lut5_I4_O)        0.119     7.272 f  U_RV32I_CPU/U_DATAPAHT/U_REG_EN_ALU2_DOF_TO_EX/o_debug_OBUF[3]_inst_i_9/O
                         net (fo=1, routed)           0.847     8.119    U_RV32I_CPU/U_DATAPAHT/U_REG_EN_ALU2_DOF_TO_EX/o_debug_OBUF[3]_inst_i_9_n_0
    SLICE_X10Y39         LUT6 (Prop_lut6_I0_O)        0.355     8.474 r  U_RV32I_CPU/U_DATAPAHT/U_REG_EN_ALU2_DOF_TO_EX/o_debug_OBUF[3]_inst_i_5/O
                         net (fo=93, routed)          0.769     9.243    U_RV32I_CPU/U_DATAPAHT/U_REG_EN_ALU1_DOF_TO_EX/o_out_reg[0]_46
    SLICE_X13Y39         LUT6 (Prop_lut6_I3_O)        0.124     9.367 r  U_RV32I_CPU/U_DATAPAHT/U_REG_EN_ALU1_DOF_TO_EX/o_out[3]_i_6/O
                         net (fo=1, routed)           0.403     9.770    U_RV32I_CPU/U_DATAPAHT/U_REG_EN_ALU1_DOF_TO_EX/U_ALU/data6[3]
    SLICE_X13Y39         LUT6 (Prop_lut6_I0_O)        0.124     9.894 r  U_RV32I_CPU/U_DATAPAHT/U_REG_EN_ALU1_DOF_TO_EX/o_out[3]_i_4/O
                         net (fo=1, routed)           0.303    10.198    U_RV32I_CPU/U_CONTROL_UNIT/U_REG_EN_ALU_CONTROL_DOF_TO_EX/o_out_reg[3]_4
    SLICE_X12Y38         LUT6 (Prop_lut6_I5_O)        0.124    10.322 r  U_RV32I_CPU/U_CONTROL_UNIT/U_REG_EN_ALU_CONTROL_DOF_TO_EX/o_out[3]_i_2/O
                         net (fo=1, routed)           0.000    10.322    U_RV32I_CPU/U_CONTROL_UNIT/U_REG_EN_ALU_CONTROL_DOF_TO_EX/o_out[3]_i_2_n_0
    SLICE_X12Y38         MUXF7 (Prop_muxf7_I0_O)      0.209    10.531 r  U_RV32I_CPU/U_CONTROL_UNIT/U_REG_EN_ALU_CONTROL_DOF_TO_EX/o_out_reg[3]_i_1/O
                         net (fo=65, routed)          1.334    11.865    U_DATA_RAM/d_ram_reg_0_127_23_23/A1
    SLICE_X8Y36          RAMS64E (Prop_rams64e_ADR1_O)
                                                      0.490    12.355 r  U_DATA_RAM/d_ram_reg_0_127_23_23/HIGH/O
                         net (fo=1, routed)           0.000    12.355    U_DATA_RAM/d_ram_reg_0_127_23_23/O1
    SLICE_X8Y36          MUXF7 (Prop_muxf7_I1_O)      0.214    12.569 r  U_DATA_RAM/d_ram_reg_0_127_23_23/F7/O
                         net (fo=4, routed)           0.891    13.460    U_DATA_RAM/p_2_in[23]
    SLICE_X9Y36          LUT6 (Prop_lut6_I3_O)        0.297    13.757 r  U_DATA_RAM/o_out[31]_i_4__3/O
                         net (fo=24, routed)          0.883    14.640    U_RV32I_CPU/U_CONTROL_UNIT/U_REG_EN_TYPE_DOF_TO_EX/o_out_reg[16]
    SLICE_X5Y37          LUT6 (Prop_lut6_I4_O)        0.124    14.764 r  U_RV32I_CPU/U_CONTROL_UNIT/U_REG_EN_TYPE_DOF_TO_EX/o_out[17]_i_1__3/O
                         net (fo=1, routed)           0.000    14.764    U_RV32I_CPU/U_DATAPAHT/U_REG_EN_RAM_RD_EX_TO_WB/o_out_reg[31]_1[17]
    SLICE_X5Y37          FDRE                                         r  U_RV32I_CPU/U_DATAPAHT/U_REG_EN_RAM_RD_EX_TO_WB/o_out_reg[17]/D
  -------------------------------------------------------------------    -------------------

                         (clock sys_clk_pin rise edge)
                                                     10.000    10.000 r  
    W5                                                0.000    10.000 r  i_clk (IN)
                         net (fo=0)                   0.000    10.000    i_clk
    W5                   IBUF (Prop_ibuf_I_O)         1.388    11.388 r  i_clk_IBUF_inst/O
                         net (fo=1, routed)           1.862    13.250    i_clk_IBUF
    BUFGCTRL_X0Y0        BUFG (Prop_bufg_I_O)         0.091    13.341 r  i_clk_IBUF_BUFG_inst/O
                         net (fo=1491, routed)        1.513    14.854    U_RV32I_CPU/U_DATAPAHT/U_REG_EN_RAM_RD_EX_TO_WB/i_clk_IBUF_BUFG
    SLICE_X5Y37          FDRE                                         r  U_RV32I_CPU/U_DATAPAHT/U_REG_EN_RAM_RD_EX_TO_WB/o_out_reg[17]/C
                         clock pessimism              0.273    15.127    
                         clock uncertainty           -0.035    15.092    
    SLICE_X5Y37          FDRE (Setup_fdre_C_D)        0.031    15.123    U_RV32I_CPU/U_DATAPAHT/U_REG_EN_RAM_RD_EX_TO_WB/o_out_reg[17]
  -------------------------------------------------------------------
                         required time                         15.123    
                         arrival time                         -14.764    
  -------------------------------------------------------------------
                         slack                                  0.359    

Slack (MET) :             0.361ns  (required time - arrival time)
  Source:                 U_RV32I_CPU/U_DATAPAHT/U_REG_EN_ALU2_DOF_TO_EX/o_out_reg[23]/C
                            (rising edge-triggered cell FDRE clocked by sys_clk_pin  {rise@0.000ns fall@5.000ns period=10.000ns})
  Destination:            U_RV32I_CPU/U_DATAPAHT/U_REG_EN_RAM_RD_EX_TO_WB/o_out_reg[16]/D
                            (rising edge-triggered cell FDRE clocked by sys_clk_pin  {rise@0.000ns fall@5.000ns period=10.000ns})
  Path Group:             sys_clk_pin
  Path Type:              Setup (Max at Slow Process Corner)
  Requirement:            10.000ns  (sys_clk_pin rise@10.000ns - sys_clk_pin rise@0.000ns)
  Data Path Delay:        9.604ns  (logic 2.898ns (30.173%)  route 6.706ns (69.827%))
  Logic Levels:           11  (LUT4=1 LUT5=1 LUT6=6 MUXF7=2 RAMS64E=1)
  Clock Path Skew:        -0.028ns (DCD - SCD + CPR)
    Destination Clock Delay (DCD):    4.854ns = ( 14.854 - 10.000 ) 
    Source Clock Delay      (SCD):    5.155ns
    Clock Pessimism Removal (CPR):    0.273ns
  Clock Uncertainty:      0.035ns  ((TSJ^2 + TIJ^2)^1/2 + DJ) / 2 + PE
    Total System Jitter     (TSJ):    0.071ns
    Total Input Jitter      (TIJ):    0.000ns
    Discrete Jitter          (DJ):    0.000ns
    Phase Error              (PE):    0.000ns

    Location             Delay type                Incr(ns)  Path(ns)    Netlist Resource(s)
  -------------------------------------------------------------------    -------------------
                         (clock sys_clk_pin rise edge)
                                                      0.000     0.000 r  
    W5                                                0.000     0.000 r  i_clk (IN)
                         net (fo=0)                   0.000     0.000    i_clk
    W5                   IBUF (Prop_ibuf_I_O)         1.458     1.458 r  i_clk_IBUF_inst/O
                         net (fo=1, routed)           1.967     3.425    i_clk_IBUF
    BUFGCTRL_X0Y0        BUFG (Prop_bufg_I_O)         0.096     3.521 r  i_clk_IBUF_BUFG_inst/O
                         net (fo=1491, routed)        1.634     5.155    U_RV32I_CPU/U_DATAPAHT/U_REG_EN_ALU2_DOF_TO_EX/i_clk_IBUF_BUFG
    SLICE_X5Y41          FDRE                                         r  U_RV32I_CPU/U_DATAPAHT/U_REG_EN_ALU2_DOF_TO_EX/o_out_reg[23]/C
  -------------------------------------------------------------------    -------------------
    SLICE_X5Y41          FDRE (Prop_fdre_C_Q)         0.419     5.574 f  U_RV32I_CPU/U_DATAPAHT/U_REG_EN_ALU2_DOF_TO_EX/o_out_reg[23]/Q
                         net (fo=13, routed)          0.834     6.409    U_RV32I_CPU/U_DATAPAHT/U_REG_EN_ALU2_DOF_TO_EX/Q[23]
    SLICE_X6Y41          LUT4 (Prop_lut4_I0_O)        0.299     6.708 f  U_RV32I_CPU/U_DATAPAHT/U_REG_EN_ALU2_DOF_TO_EX/o_debug_OBUF[3]_inst_i_18/O
                         net (fo=2, routed)           0.445     7.153    U_RV32I_CPU/U_DATAPAHT/U_REG_EN_ALU2_DOF_TO_EX/o_debug_OBUF[3]_inst_i_18_n_0
    SLICE_X6Y40          LUT5 (Prop_lut5_I4_O)        0.119     7.272 f  U_RV32I_CPU/U_DATAPAHT/U_REG_EN_ALU2_DOF_TO_EX/o_debug_OBUF[3]_inst_i_9/O
                         net (fo=1, routed)           0.847     8.119    U_RV32I_CPU/U_DATAPAHT/U_REG_EN_ALU2_DOF_TO_EX/o_debug_OBUF[3]_inst_i_9_n_0
    SLICE_X10Y39         LUT6 (Prop_lut6_I0_O)        0.355     8.474 r  U_RV32I_CPU/U_DATAPAHT/U_REG_EN_ALU2_DOF_TO_EX/o_debug_OBUF[3]_inst_i_5/O
                         net (fo=93, routed)          0.769     9.243    U_RV32I_CPU/U_DATAPAHT/U_REG_EN_ALU1_DOF_TO_EX/o_out_reg[0]_46
    SLICE_X13Y39         LUT6 (Prop_lut6_I3_O)        0.124     9.367 r  U_RV32I_CPU/U_DATAPAHT/U_REG_EN_ALU1_DOF_TO_EX/o_out[3]_i_6/O
                         net (fo=1, routed)           0.403     9.770    U_RV32I_CPU/U_DATAPAHT/U_REG_EN_ALU1_DOF_TO_EX/U_ALU/data6[3]
    SLICE_X13Y39         LUT6 (Prop_lut6_I0_O)        0.124     9.894 r  U_RV32I_CPU/U_DATAPAHT/U_REG_EN_ALU1_DOF_TO_EX/o_out[3]_i_4/O
                         net (fo=1, routed)           0.303    10.198    U_RV32I_CPU/U_CONTROL_UNIT/U_REG_EN_ALU_CONTROL_DOF_TO_EX/o_out_reg[3]_4
    SLICE_X12Y38         LUT6 (Prop_lut6_I5_O)        0.124    10.322 r  U_RV32I_CPU/U_CONTROL_UNIT/U_REG_EN_ALU_CONTROL_DOF_TO_EX/o_out[3]_i_2/O
                         net (fo=1, routed)           0.000    10.322    U_RV32I_CPU/U_CONTROL_UNIT/U_REG_EN_ALU_CONTROL_DOF_TO_EX/o_out[3]_i_2_n_0
    SLICE_X12Y38         MUXF7 (Prop_muxf7_I0_O)      0.209    10.531 r  U_RV32I_CPU/U_CONTROL_UNIT/U_REG_EN_ALU_CONTROL_DOF_TO_EX/o_out_reg[3]_i_1/O
                         net (fo=65, routed)          1.334    11.865    U_DATA_RAM/d_ram_reg_0_127_23_23/A1
    SLICE_X8Y36          RAMS64E (Prop_rams64e_ADR1_O)
                                                      0.490    12.355 r  U_DATA_RAM/d_ram_reg_0_127_23_23/HIGH/O
                         net (fo=1, routed)           0.000    12.355    U_DATA_RAM/d_ram_reg_0_127_23_23/O1
    SLICE_X8Y36          MUXF7 (Prop_muxf7_I1_O)      0.214    12.569 r  U_DATA_RAM/d_ram_reg_0_127_23_23/F7/O
                         net (fo=4, routed)           0.891    13.460    U_DATA_RAM/p_2_in[23]
    SLICE_X9Y36          LUT6 (Prop_lut6_I3_O)        0.297    13.757 r  U_DATA_RAM/o_out[31]_i_4__3/O
                         net (fo=24, routed)          0.879    14.636    U_RV32I_CPU/U_CONTROL_UNIT/U_REG_EN_TYPE_DOF_TO_EX/o_out_reg[16]
    SLICE_X5Y37          LUT6 (Prop_lut6_I4_O)        0.124    14.760 r  U_RV32I_CPU/U_CONTROL_UNIT/U_REG_EN_TYPE_DOF_TO_EX/o_out[16]_i_1__3/O
                         net (fo=1, routed)           0.000    14.760    U_RV32I_CPU/U_DATAPAHT/U_REG_EN_RAM_RD_EX_TO_WB/o_out_reg[31]_1[16]
    SLICE_X5Y37          FDRE                                         r  U_RV32I_CPU/U_DATAPAHT/U_REG_EN_RAM_RD_EX_TO_WB/o_out_reg[16]/D
  -------------------------------------------------------------------    -------------------

                         (clock sys_clk_pin rise edge)
                                                     10.000    10.000 r  
    W5                                                0.000    10.000 r  i_clk (IN)
                         net (fo=0)                   0.000    10.000    i_clk
    W5                   IBUF (Prop_ibuf_I_O)         1.388    11.388 r  i_clk_IBUF_inst/O
                         net (fo=1, routed)           1.862    13.250    i_clk_IBUF
    BUFGCTRL_X0Y0        BUFG (Prop_bufg_I_O)         0.091    13.341 r  i_clk_IBUF_BUFG_inst/O
                         net (fo=1491, routed)        1.513    14.854    U_RV32I_CPU/U_DATAPAHT/U_REG_EN_RAM_RD_EX_TO_WB/i_clk_IBUF_BUFG
    SLICE_X5Y37          FDRE                                         r  U_RV32I_CPU/U_DATAPAHT/U_REG_EN_RAM_RD_EX_TO_WB/o_out_reg[16]/C
                         clock pessimism              0.273    15.127    
                         clock uncertainty           -0.035    15.092    
    SLICE_X5Y37          FDRE (Setup_fdre_C_D)        0.029    15.121    U_RV32I_CPU/U_DATAPAHT/U_REG_EN_RAM_RD_EX_TO_WB/o_out_reg[16]
  -------------------------------------------------------------------
                         required time                         15.121    
                         arrival time                         -14.760    
  -------------------------------------------------------------------
                         slack                                  0.361    

Slack (MET) :             0.383ns  (required time - arrival time)
  Source:                 U_RV32I_CPU/U_DATAPAHT/U_REG_EN_ALU1_DOF_TO_EX/o_out_reg[24]/C
                            (rising edge-triggered cell FDRE clocked by sys_clk_pin  {rise@0.000ns fall@5.000ns period=10.000ns})
  Destination:            U_DATA_RAM/d_ram_reg_0_127_27_27/HIGH/I
                            (rising edge-triggered cell RAMS64E clocked by sys_clk_pin  {rise@0.000ns fall@5.000ns period=10.000ns})
  Path Group:             sys_clk_pin
  Path Type:              Setup (Max at Slow Process Corner)
  Requirement:            10.000ns  (sys_clk_pin rise@10.000ns - sys_clk_pin rise@0.000ns)
  Data Path Delay:        8.784ns  (logic 1.842ns (20.969%)  route 6.942ns (79.031%))
  Logic Levels:           7  (LUT3=1 LUT5=3 LUT6=3)
  Clock Path Skew:        -0.176ns (DCD - SCD + CPR)
    Destination Clock Delay (DCD):    4.788ns = ( 14.788 - 10.000 ) 
    Source Clock Delay      (SCD):    5.144ns
    Clock Pessimism Removal (CPR):    0.180ns
  Clock Uncertainty:      0.035ns  ((TSJ^2 + TIJ^2)^1/2 + DJ) / 2 + PE
    Total System Jitter     (TSJ):    0.071ns
    Total Input Jitter      (TIJ):    0.000ns
    Discrete Jitter          (DJ):    0.000ns
    Phase Error              (PE):    0.000ns

    Location             Delay type                Incr(ns)  Path(ns)    Netlist Resource(s)
  -------------------------------------------------------------------    -------------------
                         (clock sys_clk_pin rise edge)
                                                      0.000     0.000 r  
    W5                                                0.000     0.000 r  i_clk (IN)
                         net (fo=0)                   0.000     0.000    i_clk
    W5                   IBUF (Prop_ibuf_I_O)         1.458     1.458 r  i_clk_IBUF_inst/O
                         net (fo=1, routed)           1.967     3.425    i_clk_IBUF
    BUFGCTRL_X0Y0        BUFG (Prop_bufg_I_O)         0.096     3.521 r  i_clk_IBUF_BUFG_inst/O
                         net (fo=1491, routed)        1.623     5.144    U_RV32I_CPU/U_DATAPAHT/U_REG_EN_ALU1_DOF_TO_EX/i_clk_IBUF_BUFG
    SLICE_X6Y54          FDRE                                         r  U_RV32I_CPU/U_DATAPAHT/U_REG_EN_ALU1_DOF_TO_EX/o_out_reg[24]/C
  -------------------------------------------------------------------    -------------------
    SLICE_X6Y54          FDRE (Prop_fdre_C_Q)         0.518     5.662 r  U_RV32I_CPU/U_DATAPAHT/U_REG_EN_ALU1_DOF_TO_EX/o_out_reg[24]/Q
                         net (fo=26, routed)          1.551     7.213    U_RV32I_CPU/U_DATAPAHT/U_REG_EN_ALU1_DOF_TO_EX/Q[24]
    SLICE_X14Y42         LUT5 (Prop_lut5_I2_O)        0.146     7.359 r  U_RV32I_CPU/U_DATAPAHT/U_REG_EN_ALU1_DOF_TO_EX/o_out[1]_i_11__1/O
                         net (fo=3, routed)           0.830     8.189    U_RV32I_CPU/U_DATAPAHT/U_REG_EN_ALU1_DOF_TO_EX/o_out[1]_i_11__1_n_0
    SLICE_X15Y41         LUT6 (Prop_lut6_I0_O)        0.328     8.517 r  U_RV32I_CPU/U_DATAPAHT/U_REG_EN_ALU1_DOF_TO_EX/o_out[1]_i_9__1/O
                         net (fo=2, routed)           0.816     9.333    U_RV32I_CPU/U_DATAPAHT/U_REG_EN_ALU1_DOF_TO_EX/o_out[1]_i_9__1_n_0
    SLICE_X15Y39         LUT3 (Prop_lut3_I0_O)        0.152     9.485 r  U_RV32I_CPU/U_DATAPAHT/U_REG_EN_ALU1_DOF_TO_EX/o_out[1]_i_6/O
                         net (fo=1, routed)           0.429     9.914    U_RV32I_CPU/U_DATAPAHT/U_REG_EN_ALU2_DOF_TO_EX/o_out_reg[1]_0
    SLICE_X14Y39         LUT6 (Prop_lut6_I1_O)        0.326    10.240 r  U_RV32I_CPU/U_DATAPAHT/U_REG_EN_ALU2_DOF_TO_EX/o_out[1]_i_4/O
                         net (fo=1, routed)           0.563    10.802    U_RV32I_CPU/U_CONTROL_UNIT/U_REG_EN_ALU_CONTROL_DOF_TO_EX/o_out_reg[1]_9
    SLICE_X12Y40         LUT5 (Prop_lut5_I4_O)        0.124    10.926 r  U_RV32I_CPU/U_CONTROL_UNIT/U_REG_EN_ALU_CONTROL_DOF_TO_EX/o_out[1]_i_1__2/O
                         net (fo=40, routed)          1.106    12.032    U_RV32I_CPU/U_CONTROL_UNIT/U_REG_EN_TYPE_DOF_TO_EX/o_out_reg[31]_0
    SLICE_X12Y34         LUT5 (Prop_lut5_I4_O)        0.124    12.156 r  U_RV32I_CPU/U_CONTROL_UNIT/U_REG_EN_TYPE_DOF_TO_EX/d_ram_reg_0_127_24_24_i_2/O
                         net (fo=8, routed)           1.174    13.330    U_RV32I_CPU/U_CONTROL_UNIT/U_REG_EN_TYPE_DOF_TO_EX/d_ram_reg_0_127_24_24_i_2_n_0
    SLICE_X9Y37          LUT6 (Prop_lut6_I1_O)        0.124    13.454 r  U_RV32I_CPU/U_CONTROL_UNIT/U_REG_EN_TYPE_DOF_TO_EX/d_ram_reg_0_127_27_27_i_1/O
                         net (fo=2, routed)           0.474    13.928    U_DATA_RAM/d_ram_reg_0_127_27_27/D
    SLICE_X8Y38          RAMS64E                                      r  U_DATA_RAM/d_ram_reg_0_127_27_27/HIGH/I
  -------------------------------------------------------------------    -------------------

                         (clock sys_clk_pin rise edge)
                                                     10.000    10.000 r  
    W5                                                0.000    10.000 r  i_clk (IN)
                         net (fo=0)                   0.000    10.000    i_clk
    W5                   IBUF (Prop_ibuf_I_O)         1.388    11.388 r  i_clk_IBUF_inst/O
                         net (fo=1, routed)           1.862    13.250    i_clk_IBUF
    BUFGCTRL_X0Y0        BUFG (Prop_bufg_I_O)         0.091    13.341 r  i_clk_IBUF_BUFG_inst/O
                         net (fo=1491, routed)        1.447    14.788    U_DATA_RAM/d_ram_reg_0_127_27_27/WCLK
    SLICE_X8Y38          RAMS64E                                      r  U_DATA_RAM/d_ram_reg_0_127_27_27/HIGH/CLK
                         clock pessimism              0.180    14.968    
                         clock uncertainty           -0.035    14.933    
    SLICE_X8Y38          RAMS64E (Setup_rams64e_CLK_I)
                                                     -0.622    14.311    U_DATA_RAM/d_ram_reg_0_127_27_27/HIGH
  -------------------------------------------------------------------
                         required time                         14.311    
                         arrival time                         -13.928    
  -------------------------------------------------------------------
                         slack                                  0.383    

Slack (MET) :             0.437ns  (required time - arrival time)
  Source:                 U_RV32I_CPU/U_DATAPAHT/U_REG_EN_ALU1_DOF_TO_EX/o_out_reg[24]/C
                            (rising edge-triggered cell FDRE clocked by sys_clk_pin  {rise@0.000ns fall@5.000ns period=10.000ns})
  Destination:            U_DATA_RAM/d_ram_reg_0_127_10_10/HIGH/I
                            (rising edge-triggered cell RAMS64E clocked by sys_clk_pin  {rise@0.000ns fall@5.000ns period=10.000ns})
  Path Group:             sys_clk_pin
  Path Type:              Setup (Max at Slow Process Corner)
  Requirement:            10.000ns  (sys_clk_pin rise@10.000ns - sys_clk_pin rise@0.000ns)
  Data Path Delay:        8.728ns  (logic 1.842ns (21.105%)  route 6.886ns (78.895%))
  Logic Levels:           7  (LUT3=1 LUT5=3 LUT6=3)
  Clock Path Skew:        -0.178ns (DCD - SCD + CPR)
    Destination Clock Delay (DCD):    4.786ns = ( 14.786 - 10.000 ) 
    Source Clock Delay      (SCD):    5.144ns
    Clock Pessimism Removal (CPR):    0.180ns
  Clock Uncertainty:      0.035ns  ((TSJ^2 + TIJ^2)^1/2 + DJ) / 2 + PE
    Total System Jitter     (TSJ):    0.071ns
    Total Input Jitter      (TIJ):    0.000ns
    Discrete Jitter          (DJ):    0.000ns
    Phase Error              (PE):    0.000ns

    Location             Delay type                Incr(ns)  Path(ns)    Netlist Resource(s)
  -------------------------------------------------------------------    -------------------
                         (clock sys_clk_pin rise edge)
                                                      0.000     0.000 r  
    W5                                                0.000     0.000 r  i_clk (IN)
                         net (fo=0)                   0.000     0.000    i_clk
    W5                   IBUF (Prop_ibuf_I_O)         1.458     1.458 r  i_clk_IBUF_inst/O
                         net (fo=1, routed)           1.967     3.425    i_clk_IBUF
    BUFGCTRL_X0Y0        BUFG (Prop_bufg_I_O)         0.096     3.521 r  i_clk_IBUF_BUFG_inst/O
                         net (fo=1491, routed)        1.623     5.144    U_RV32I_CPU/U_DATAPAHT/U_REG_EN_ALU1_DOF_TO_EX/i_clk_IBUF_BUFG
    SLICE_X6Y54          FDRE                                         r  U_RV32I_CPU/U_DATAPAHT/U_REG_EN_ALU1_DOF_TO_EX/o_out_reg[24]/C
  -------------------------------------------------------------------    -------------------
    SLICE_X6Y54          FDRE (Prop_fdre_C_Q)         0.518     5.662 f  U_RV32I_CPU/U_DATAPAHT/U_REG_EN_ALU1_DOF_TO_EX/o_out_reg[24]/Q
                         net (fo=26, routed)          1.551     7.213    U_RV32I_CPU/U_DATAPAHT/U_REG_EN_ALU1_DOF_TO_EX/Q[24]
    SLICE_X14Y42         LUT5 (Prop_lut5_I2_O)        0.146     7.359 f  U_RV32I_CPU/U_DATAPAHT/U_REG_EN_ALU1_DOF_TO_EX/o_out[1]_i_11__1/O
                         net (fo=3, routed)           0.830     8.189    U_RV32I_CPU/U_DATAPAHT/U_REG_EN_ALU1_DOF_TO_EX/o_out[1]_i_11__1_n_0
    SLICE_X15Y41         LUT6 (Prop_lut6_I0_O)        0.328     8.517 f  U_RV32I_CPU/U_DATAPAHT/U_REG_EN_ALU1_DOF_TO_EX/o_out[1]_i_9__1/O
                         net (fo=2, routed)           0.816     9.333    U_RV32I_CPU/U_DATAPAHT/U_REG_EN_ALU1_DOF_TO_EX/o_out[1]_i_9__1_n_0
    SLICE_X15Y39         LUT3 (Prop_lut3_I0_O)        0.152     9.485 f  U_RV32I_CPU/U_DATAPAHT/U_REG_EN_ALU1_DOF_TO_EX/o_out[1]_i_6/O
                         net (fo=1, routed)           0.429     9.914    U_RV32I_CPU/U_DATAPAHT/U_REG_EN_ALU2_DOF_TO_EX/o_out_reg[1]_0
    SLICE_X14Y39         LUT6 (Prop_lut6_I1_O)        0.326    10.240 f  U_RV32I_CPU/U_DATAPAHT/U_REG_EN_ALU2_DOF_TO_EX/o_out[1]_i_4/O
                         net (fo=1, routed)           0.563    10.802    U_RV32I_CPU/U_CONTROL_UNIT/U_REG_EN_ALU_CONTROL_DOF_TO_EX/o_out_reg[1]_9
    SLICE_X12Y40         LUT5 (Prop_lut5_I4_O)        0.124    10.926 f  U_RV32I_CPU/U_CONTROL_UNIT/U_REG_EN_ALU_CONTROL_DOF_TO_EX/o_out[1]_i_1__2/O
                         net (fo=40, routed)          1.184    12.110    U_RV32I_CPU/U_CONTROL_UNIT/U_REG_EN_TYPE_DOF_TO_EX/o_out_reg[31]_0
    SLICE_X12Y36         LUT5 (Prop_lut5_I3_O)        0.124    12.234 r  U_RV32I_CPU/U_CONTROL_UNIT/U_REG_EN_TYPE_DOF_TO_EX/d_ram_reg_0_127_8_8_i_2/O
                         net (fo=8, routed)           1.182    13.416    U_RV32I_CPU/U_CONTROL_UNIT/U_REG_EN_TYPE_DOF_TO_EX/d_ram_reg_0_127_8_8_i_2_n_0
    SLICE_X9Y34          LUT6 (Prop_lut6_I0_O)        0.124    13.540 r  U_RV32I_CPU/U_CONTROL_UNIT/U_REG_EN_TYPE_DOF_TO_EX/d_ram_reg_0_127_10_10_i_1/O
                         net (fo=2, routed)           0.332    13.872    U_DATA_RAM/d_ram_reg_0_127_10_10/D
    SLICE_X8Y35          RAMS64E                                      r  U_DATA_RAM/d_ram_reg_0_127_10_10/HIGH/I
  -------------------------------------------------------------------    -------------------

                         (clock sys_clk_pin rise edge)
                                                     10.000    10.000 r  
    W5                                                0.000    10.000 r  i_clk (IN)
                         net (fo=0)                   0.000    10.000    i_clk
    W5                   IBUF (Prop_ibuf_I_O)         1.388    11.388 r  i_clk_IBUF_inst/O
                         net (fo=1, routed)           1.862    13.250    i_clk_IBUF
    BUFGCTRL_X0Y0        BUFG (Prop_bufg_I_O)         0.091    13.341 r  i_clk_IBUF_BUFG_inst/O
                         net (fo=1491, routed)        1.445    14.786    U_DATA_RAM/d_ram_reg_0_127_10_10/WCLK
    SLICE_X8Y35          RAMS64E                                      r  U_DATA_RAM/d_ram_reg_0_127_10_10/HIGH/CLK
                         clock pessimism              0.180    14.966    
                         clock uncertainty           -0.035    14.931    
    SLICE_X8Y35          RAMS64E (Setup_rams64e_CLK_I)
                                                     -0.622    14.309    U_DATA_RAM/d_ram_reg_0_127_10_10/HIGH
  -------------------------------------------------------------------
                         required time                         14.309    
                         arrival time                         -13.872    
  -------------------------------------------------------------------
                         slack                                  0.437    

Slack (MET) :             0.493ns  (required time - arrival time)
  Source:                 U_RV32I_CPU/U_DATAPAHT/U_REG_EN_ALU2_DOF_TO_EX/o_out_reg[23]/C
                            (rising edge-triggered cell FDRE clocked by sys_clk_pin  {rise@0.000ns fall@5.000ns period=10.000ns})
  Destination:            U_RV32I_CPU/U_DATAPAHT/U_REG_EN_RAM_RD_EX_TO_WB/o_out_reg[23]/D
                            (rising edge-triggered cell FDRE clocked by sys_clk_pin  {rise@0.000ns fall@5.000ns period=10.000ns})
  Path Group:             sys_clk_pin
  Path Type:              Setup (Max at Slow Process Corner)
  Requirement:            10.000ns  (sys_clk_pin rise@10.000ns - sys_clk_pin rise@0.000ns)
  Data Path Delay:        9.475ns  (logic 2.898ns (30.585%)  route 6.577ns (69.415%))
  Logic Levels:           11  (LUT4=1 LUT5=1 LUT6=6 MUXF7=2 RAMS64E=1)
  Clock Path Skew:        -0.028ns (DCD - SCD + CPR)
    Destination Clock Delay (DCD):    4.854ns = ( 14.854 - 10.000 ) 
    Source Clock Delay      (SCD):    5.155ns
    Clock Pessimism Removal (CPR):    0.273ns
  Clock Uncertainty:      0.035ns  ((TSJ^2 + TIJ^2)^1/2 + DJ) / 2 + PE
    Total System Jitter     (TSJ):    0.071ns
    Total Input Jitter      (TIJ):    0.000ns
    Discrete Jitter          (DJ):    0.000ns
    Phase Error              (PE):    0.000ns

    Location             Delay type                Incr(ns)  Path(ns)    Netlist Resource(s)
  -------------------------------------------------------------------    -------------------
                         (clock sys_clk_pin rise edge)
                                                      0.000     0.000 r  
    W5                                                0.000     0.000 r  i_clk (IN)
                         net (fo=0)                   0.000     0.000    i_clk
    W5                   IBUF (Prop_ibuf_I_O)         1.458     1.458 r  i_clk_IBUF_inst/O
                         net (fo=1, routed)           1.967     3.425    i_clk_IBUF
    BUFGCTRL_X0Y0        BUFG (Prop_bufg_I_O)         0.096     3.521 r  i_clk_IBUF_BUFG_inst/O
                         net (fo=1491, routed)        1.634     5.155    U_RV32I_CPU/U_DATAPAHT/U_REG_EN_ALU2_DOF_TO_EX/i_clk_IBUF_BUFG
    SLICE_X5Y41          FDRE                                         r  U_RV32I_CPU/U_DATAPAHT/U_REG_EN_ALU2_DOF_TO_EX/o_out_reg[23]/C
  -------------------------------------------------------------------    -------------------
    SLICE_X5Y41          FDRE (Prop_fdre_C_Q)         0.419     5.574 f  U_RV32I_CPU/U_DATAPAHT/U_REG_EN_ALU2_DOF_TO_EX/o_out_reg[23]/Q
                         net (fo=13, routed)          0.834     6.409    U_RV32I_CPU/U_DATAPAHT/U_REG_EN_ALU2_DOF_TO_EX/Q[23]
    SLICE_X6Y41          LUT4 (Prop_lut4_I0_O)        0.299     6.708 f  U_RV32I_CPU/U_DATAPAHT/U_REG_EN_ALU2_DOF_TO_EX/o_debug_OBUF[3]_inst_i_18/O
                         net (fo=2, routed)           0.445     7.153    U_RV32I_CPU/U_DATAPAHT/U_REG_EN_ALU2_DOF_TO_EX/o_debug_OBUF[3]_inst_i_18_n_0
    SLICE_X6Y40          LUT5 (Prop_lut5_I4_O)        0.119     7.272 f  U_RV32I_CPU/U_DATAPAHT/U_REG_EN_ALU2_DOF_TO_EX/o_debug_OBUF[3]_inst_i_9/O
                         net (fo=1, routed)           0.847     8.119    U_RV32I_CPU/U_DATAPAHT/U_REG_EN_ALU2_DOF_TO_EX/o_debug_OBUF[3]_inst_i_9_n_0
    SLICE_X10Y39         LUT6 (Prop_lut6_I0_O)        0.355     8.474 r  U_RV32I_CPU/U_DATAPAHT/U_REG_EN_ALU2_DOF_TO_EX/o_debug_OBUF[3]_inst_i_5/O
                         net (fo=93, routed)          0.769     9.243    U_RV32I_CPU/U_DATAPAHT/U_REG_EN_ALU1_DOF_TO_EX/o_out_reg[0]_46
    SLICE_X13Y39         LUT6 (Prop_lut6_I3_O)        0.124     9.367 r  U_RV32I_CPU/U_DATAPAHT/U_REG_EN_ALU1_DOF_TO_EX/o_out[3]_i_6/O
                         net (fo=1, routed)           0.403     9.770    U_RV32I_CPU/U_DATAPAHT/U_REG_EN_ALU1_DOF_TO_EX/U_ALU/data6[3]
    SLICE_X13Y39         LUT6 (Prop_lut6_I0_O)        0.124     9.894 r  U_RV32I_CPU/U_DATAPAHT/U_REG_EN_ALU1_DOF_TO_EX/o_out[3]_i_4/O
                         net (fo=1, routed)           0.303    10.198    U_RV32I_CPU/U_CONTROL_UNIT/U_REG_EN_ALU_CONTROL_DOF_TO_EX/o_out_reg[3]_4
    SLICE_X12Y38         LUT6 (Prop_lut6_I5_O)        0.124    10.322 r  U_RV32I_CPU/U_CONTROL_UNIT/U_REG_EN_ALU_CONTROL_DOF_TO_EX/o_out[3]_i_2/O
                         net (fo=1, routed)           0.000    10.322    U_RV32I_CPU/U_CONTROL_UNIT/U_REG_EN_ALU_CONTROL_DOF_TO_EX/o_out[3]_i_2_n_0
    SLICE_X12Y38         MUXF7 (Prop_muxf7_I0_O)      0.209    10.531 r  U_RV32I_CPU/U_CONTROL_UNIT/U_REG_EN_ALU_CONTROL_DOF_TO_EX/o_out_reg[3]_i_1/O
                         net (fo=65, routed)          1.334    11.865    U_DATA_RAM/d_ram_reg_0_127_23_23/A1
    SLICE_X8Y36          RAMS64E (Prop_rams64e_ADR1_O)
                                                      0.490    12.355 r  U_DATA_RAM/d_ram_reg_0_127_23_23/HIGH/O
                         net (fo=1, routed)           0.000    12.355    U_DATA_RAM/d_ram_reg_0_127_23_23/O1
    SLICE_X8Y36          MUXF7 (Prop_muxf7_I1_O)      0.214    12.569 r  U_DATA_RAM/d_ram_reg_0_127_23_23/F7/O
                         net (fo=4, routed)           0.891    13.460    U_DATA_RAM/p_2_in[23]
    SLICE_X9Y36          LUT6 (Prop_lut6_I3_O)        0.297    13.757 r  U_DATA_RAM/o_out[31]_i_4__3/O
                         net (fo=24, routed)          0.750    14.506    U_RV32I_CPU/U_CONTROL_UNIT/U_REG_EN_TYPE_DOF_TO_EX/o_out_reg[16]
    SLICE_X7Y37          LUT6 (Prop_lut6_I4_O)        0.124    14.630 r  U_RV32I_CPU/U_CONTROL_UNIT/U_REG_EN_TYPE_DOF_TO_EX/o_out[23]_i_1__3/O
                         net (fo=1, routed)           0.000    14.630    U_RV32I_CPU/U_DATAPAHT/U_REG_EN_RAM_RD_EX_TO_WB/o_out_reg[31]_1[23]
    SLICE_X7Y37          FDRE                                         r  U_RV32I_CPU/U_DATAPAHT/U_REG_EN_RAM_RD_EX_TO_WB/o_out_reg[23]/D
  -------------------------------------------------------------------    -------------------

                         (clock sys_clk_pin rise edge)
                                                     10.000    10.000 r  
    W5                                                0.000    10.000 r  i_clk (IN)
                         net (fo=0)                   0.000    10.000    i_clk
    W5                   IBUF (Prop_ibuf_I_O)         1.388    11.388 r  i_clk_IBUF_inst/O
                         net (fo=1, routed)           1.862    13.250    i_clk_IBUF
    BUFGCTRL_X0Y0        BUFG (Prop_bufg_I_O)         0.091    13.341 r  i_clk_IBUF_BUFG_inst/O
                         net (fo=1491, routed)        1.513    14.854    U_RV32I_CPU/U_DATAPAHT/U_REG_EN_RAM_RD_EX_TO_WB/i_clk_IBUF_BUFG
    SLICE_X7Y37          FDRE                                         r  U_RV32I_CPU/U_DATAPAHT/U_REG_EN_RAM_RD_EX_TO_WB/o_out_reg[23]/C
                         clock pessimism              0.273    15.127    
                         clock uncertainty           -0.035    15.092    
    SLICE_X7Y37          FDRE (Setup_fdre_C_D)        0.031    15.123    U_RV32I_CPU/U_DATAPAHT/U_REG_EN_RAM_RD_EX_TO_WB/o_out_reg[23]
  -------------------------------------------------------------------
                         required time                         15.123    
                         arrival time                         -14.630    
  -------------------------------------------------------------------
                         slack                                  0.493    

Slack (MET) :             0.494ns  (required time - arrival time)
  Source:                 U_RV32I_CPU/U_DATAPAHT/U_REG_EN_ALU2_DOF_TO_EX/o_out_reg[23]/C
                            (rising edge-triggered cell FDRE clocked by sys_clk_pin  {rise@0.000ns fall@5.000ns period=10.000ns})
  Destination:            U_DATA_RAM/d_ram_reg_0_127_17_17/HIGH/I
                            (rising edge-triggered cell RAMS64E clocked by sys_clk_pin  {rise@0.000ns fall@5.000ns period=10.000ns})
  Path Group:             sys_clk_pin
  Path Type:              Setup (Max at Slow Process Corner)
  Requirement:            10.000ns  (sys_clk_pin rise@10.000ns - sys_clk_pin rise@0.000ns)
  Data Path Delay:        9.006ns  (logic 2.899ns (32.190%)  route 6.107ns (67.810%))
  Logic Levels:           10  (LUT4=1 LUT5=1 LUT6=5 MUXF7=2 RAMS64E=1)
  Clock Path Skew:        -0.027ns (DCD - SCD + CPR)
    Destination Clock Delay (DCD):    4.855ns = ( 14.855 - 10.000 ) 
    Source Clock Delay      (SCD):    5.155ns
    Clock Pessimism Removal (CPR):    0.273ns
  Clock Uncertainty:      0.035ns  ((TSJ^2 + TIJ^2)^1/2 + DJ) / 2 + PE
    Total System Jitter     (TSJ):    0.071ns
    Total Input Jitter      (TIJ):    0.000ns
    Discrete Jitter          (DJ):    0.000ns
    Phase Error              (PE):    0.000ns

    Location             Delay type                Incr(ns)  Path(ns)    Netlist Resource(s)
  -------------------------------------------------------------------    -------------------
                         (clock sys_clk_pin rise edge)
                                                      0.000     0.000 r  
    W5                                                0.000     0.000 r  i_clk (IN)
                         net (fo=0)                   0.000     0.000    i_clk
    W5                   IBUF (Prop_ibuf_I_O)         1.458     1.458 r  i_clk_IBUF_inst/O
                         net (fo=1, routed)           1.967     3.425    i_clk_IBUF
    BUFGCTRL_X0Y0        BUFG (Prop_bufg_I_O)         0.096     3.521 r  i_clk_IBUF_BUFG_inst/O
                         net (fo=1491, routed)        1.634     5.155    U_RV32I_CPU/U_DATAPAHT/U_REG_EN_ALU2_DOF_TO_EX/i_clk_IBUF_BUFG
    SLICE_X5Y41          FDRE                                         r  U_RV32I_CPU/U_DATAPAHT/U_REG_EN_ALU2_DOF_TO_EX/o_out_reg[23]/C
  -------------------------------------------------------------------    -------------------
    SLICE_X5Y41          FDRE (Prop_fdre_C_Q)         0.419     5.574 f  U_RV32I_CPU/U_DATAPAHT/U_REG_EN_ALU2_DOF_TO_EX/o_out_reg[23]/Q
                         net (fo=13, routed)          0.834     6.409    U_RV32I_CPU/U_DATAPAHT/U_REG_EN_ALU2_DOF_TO_EX/Q[23]
    SLICE_X6Y41          LUT4 (Prop_lut4_I0_O)        0.299     6.708 f  U_RV32I_CPU/U_DATAPAHT/U_REG_EN_ALU2_DOF_TO_EX/o_debug_OBUF[3]_inst_i_18/O
                         net (fo=2, routed)           0.445     7.153    U_RV32I_CPU/U_DATAPAHT/U_REG_EN_ALU2_DOF_TO_EX/o_debug_OBUF[3]_inst_i_18_n_0
    SLICE_X6Y40          LUT5 (Prop_lut5_I4_O)        0.119     7.272 f  U_RV32I_CPU/U_DATAPAHT/U_REG_EN_ALU2_DOF_TO_EX/o_debug_OBUF[3]_inst_i_9/O
                         net (fo=1, routed)           0.847     8.119    U_RV32I_CPU/U_DATAPAHT/U_REG_EN_ALU2_DOF_TO_EX/o_debug_OBUF[3]_inst_i_9_n_0
    SLICE_X10Y39         LUT6 (Prop_lut6_I0_O)        0.355     8.474 r  U_RV32I_CPU/U_DATAPAHT/U_REG_EN_ALU2_DOF_TO_EX/o_debug_OBUF[3]_inst_i_5/O
                         net (fo=93, routed)          0.733     9.207    U_RV32I_CPU/U_DATAPAHT/U_REG_EN_ALU2_DOF_TO_EX/o_out_reg[31]_0
    SLICE_X14Y37         LUT6 (Prop_lut6_I0_O)        0.124     9.331 r  U_RV32I_CPU/U_DATAPAHT/U_REG_EN_ALU2_DOF_TO_EX/o_out[2]_i_7__1/O
                         net (fo=1, routed)           0.508     9.839    U_RV32I_CPU/U_DATAPAHT/U_REG_EN_ALU1_DOF_TO_EX/o_out[2]_i_2
    SLICE_X15Y37         LUT6 (Prop_lut6_I5_O)        0.124     9.963 r  U_RV32I_CPU/U_DATAPAHT/U_REG_EN_ALU1_DOF_TO_EX/o_out[2]_i_4/O
                         net (fo=1, routed)           0.151    10.115    U_RV32I_CPU/U_CONTROL_UNIT/U_REG_EN_ALU_CONTROL_DOF_TO_EX/o_out_reg[2]_1
    SLICE_X15Y37         LUT6 (Prop_lut6_I5_O)        0.124    10.239 r  U_RV32I_CPU/U_CONTROL_UNIT/U_REG_EN_ALU_CONTROL_DOF_TO_EX/o_out[2]_i_2/O
                         net (fo=1, routed)           0.000    10.239    U_RV32I_CPU/U_CONTROL_UNIT/U_REG_EN_ALU_CONTROL_DOF_TO_EX/o_out[2]_i_2_n_0
    SLICE_X15Y37         MUXF7 (Prop_muxf7_I0_O)      0.212    10.451 r  U_RV32I_CPU/U_CONTROL_UNIT/U_REG_EN_ALU_CONTROL_DOF_TO_EX/o_out_reg[2]_i_1/O
                         net (fo=65, routed)          1.542    11.993    U_DATA_RAM/d_ram_reg_0_127_17_17/A0
    SLICE_X6Y38          RAMS64E (Prop_rams64e_ADR0_O)
                                                      0.578    12.570 r  U_DATA_RAM/d_ram_reg_0_127_17_17/HIGH/O
                         net (fo=1, routed)           0.000    12.570    U_DATA_RAM/d_ram_reg_0_127_17_17/O1
    SLICE_X6Y38          MUXF7 (Prop_muxf7_I1_O)      0.247    12.817 r  U_DATA_RAM/d_ram_reg_0_127_17_17/F7/O
                         net (fo=3, routed)           0.423    13.241    U_RV32I_CPU/U_CONTROL_UNIT/U_REG_EN_TYPE_DOF_TO_EX/p_2_in[17]
    SLICE_X7Y38          LUT6 (Prop_lut6_I4_O)        0.298    13.539 r  U_RV32I_CPU/U_CONTROL_UNIT/U_REG_EN_TYPE_DOF_TO_EX/d_ram_reg_0_127_17_17_i_1/O
                         net (fo=2, routed)           0.622    14.161    U_DATA_RAM/d_ram_reg_0_127_17_17/D
    SLICE_X6Y38          RAMS64E                                      r  U_DATA_RAM/d_ram_reg_0_127_17_17/HIGH/I
  -------------------------------------------------------------------    -------------------

                         (clock sys_clk_pin rise edge)
                                                     10.000    10.000 r  
    W5                                                0.000    10.000 r  i_clk (IN)
                         net (fo=0)                   0.000    10.000    i_clk
    W5                   IBUF (Prop_ibuf_I_O)         1.388    11.388 r  i_clk_IBUF_inst/O
                         net (fo=1, routed)           1.862    13.250    i_clk_IBUF
    BUFGCTRL_X0Y0        BUFG (Prop_bufg_I_O)         0.091    13.341 r  i_clk_IBUF_BUFG_inst/O
                         net (fo=1491, routed)        1.514    14.855    U_DATA_RAM/d_ram_reg_0_127_17_17/WCLK
    SLICE_X6Y38          RAMS64E                                      r  U_DATA_RAM/d_ram_reg_0_127_17_17/HIGH/CLK
                         clock pessimism              0.273    15.128    
                         clock uncertainty           -0.035    15.093    
    SLICE_X6Y38          RAMS64E (Setup_rams64e_CLK_I)
                                                     -0.438    14.655    U_DATA_RAM/d_ram_reg_0_127_17_17/HIGH
  -------------------------------------------------------------------
                         required time                         14.655    
                         arrival time                         -14.161    
  -------------------------------------------------------------------
                         slack                                  0.494    

Slack (MET) :             0.495ns  (required time - arrival time)
  Source:                 U_RV32I_CPU/U_DATAPAHT/U_REG_EN_ALU2_DOF_TO_EX/o_out_reg[23]/C
                            (rising edge-triggered cell FDRE clocked by sys_clk_pin  {rise@0.000ns fall@5.000ns period=10.000ns})
  Destination:            U_RV32I_CPU/U_DATAPAHT/U_REG_EN_RAM_RD_EX_TO_WB/o_out_reg[22]/D
                            (rising edge-triggered cell FDRE clocked by sys_clk_pin  {rise@0.000ns fall@5.000ns period=10.000ns})
  Path Group:             sys_clk_pin
  Path Type:              Setup (Max at Slow Process Corner)
  Requirement:            10.000ns  (sys_clk_pin rise@10.000ns - sys_clk_pin rise@0.000ns)
  Data Path Delay:        9.471ns  (logic 2.898ns (30.598%)  route 6.573ns (69.402%))
  Logic Levels:           11  (LUT4=1 LUT5=1 LUT6=6 MUXF7=2 RAMS64E=1)
  Clock Path Skew:        -0.028ns (DCD - SCD + CPR)
    Destination Clock Delay (DCD):    4.854ns = ( 14.854 - 10.000 ) 
    Source Clock Delay      (SCD):    5.155ns
    Clock Pessimism Removal (CPR):    0.273ns
  Clock Uncertainty:      0.035ns  ((TSJ^2 + TIJ^2)^1/2 + DJ) / 2 + PE
    Total System Jitter     (TSJ):    0.071ns
    Total Input Jitter      (TIJ):    0.000ns
    Discrete Jitter          (DJ):    0.000ns
    Phase Error              (PE):    0.000ns

    Location             Delay type                Incr(ns)  Path(ns)    Netlist Resource(s)
  -------------------------------------------------------------------    -------------------
                         (clock sys_clk_pin rise edge)
                                                      0.000     0.000 r  
    W5                                                0.000     0.000 r  i_clk (IN)
                         net (fo=0)                   0.000     0.000    i_clk
    W5                   IBUF (Prop_ibuf_I_O)         1.458     1.458 r  i_clk_IBUF_inst/O
                         net (fo=1, routed)           1.967     3.425    i_clk_IBUF
    BUFGCTRL_X0Y0        BUFG (Prop_bufg_I_O)         0.096     3.521 r  i_clk_IBUF_BUFG_inst/O
                         net (fo=1491, routed)        1.634     5.155    U_RV32I_CPU/U_DATAPAHT/U_REG_EN_ALU2_DOF_TO_EX/i_clk_IBUF_BUFG
    SLICE_X5Y41          FDRE                                         r  U_RV32I_CPU/U_DATAPAHT/U_REG_EN_ALU2_DOF_TO_EX/o_out_reg[23]/C
  -------------------------------------------------------------------    -------------------
    SLICE_X5Y41          FDRE (Prop_fdre_C_Q)         0.419     5.574 f  U_RV32I_CPU/U_DATAPAHT/U_REG_EN_ALU2_DOF_TO_EX/o_out_reg[23]/Q
                         net (fo=13, routed)          0.834     6.409    U_RV32I_CPU/U_DATAPAHT/U_REG_EN_ALU2_DOF_TO_EX/Q[23]
    SLICE_X6Y41          LUT4 (Prop_lut4_I0_O)        0.299     6.708 f  U_RV32I_CPU/U_DATAPAHT/U_REG_EN_ALU2_DOF_TO_EX/o_debug_OBUF[3]_inst_i_18/O
                         net (fo=2, routed)           0.445     7.153    U_RV32I_CPU/U_DATAPAHT/U_REG_EN_ALU2_DOF_TO_EX/o_debug_OBUF[3]_inst_i_18_n_0
    SLICE_X6Y40          LUT5 (Prop_lut5_I4_O)        0.119     7.272 f  U_RV32I_CPU/U_DATAPAHT/U_REG_EN_ALU2_DOF_TO_EX/o_debug_OBUF[3]_inst_i_9/O
                         net (fo=1, routed)           0.847     8.119    U_RV32I_CPU/U_DATAPAHT/U_REG_EN_ALU2_DOF_TO_EX/o_debug_OBUF[3]_inst_i_9_n_0
    SLICE_X10Y39         LUT6 (Prop_lut6_I0_O)        0.355     8.474 r  U_RV32I_CPU/U_DATAPAHT/U_REG_EN_ALU2_DOF_TO_EX/o_debug_OBUF[3]_inst_i_5/O
                         net (fo=93, routed)          0.769     9.243    U_RV32I_CPU/U_DATAPAHT/U_REG_EN_ALU1_DOF_TO_EX/o_out_reg[0]_46
    SLICE_X13Y39         LUT6 (Prop_lut6_I3_O)        0.124     9.367 r  U_RV32I_CPU/U_DATAPAHT/U_REG_EN_ALU1_DOF_TO_EX/o_out[3]_i_6/O
                         net (fo=1, routed)           0.403     9.770    U_RV32I_CPU/U_DATAPAHT/U_REG_EN_ALU1_DOF_TO_EX/U_ALU/data6[3]
    SLICE_X13Y39         LUT6 (Prop_lut6_I0_O)        0.124     9.894 r  U_RV32I_CPU/U_DATAPAHT/U_REG_EN_ALU1_DOF_TO_EX/o_out[3]_i_4/O
                         net (fo=1, routed)           0.303    10.198    U_RV32I_CPU/U_CONTROL_UNIT/U_REG_EN_ALU_CONTROL_DOF_TO_EX/o_out_reg[3]_4
    SLICE_X12Y38         LUT6 (Prop_lut6_I5_O)        0.124    10.322 r  U_RV32I_CPU/U_CONTROL_UNIT/U_REG_EN_ALU_CONTROL_DOF_TO_EX/o_out[3]_i_2/O
                         net (fo=1, routed)           0.000    10.322    U_RV32I_CPU/U_CONTROL_UNIT/U_REG_EN_ALU_CONTROL_DOF_TO_EX/o_out[3]_i_2_n_0
    SLICE_X12Y38         MUXF7 (Prop_muxf7_I0_O)      0.209    10.531 r  U_RV32I_CPU/U_CONTROL_UNIT/U_REG_EN_ALU_CONTROL_DOF_TO_EX/o_out_reg[3]_i_1/O
                         net (fo=65, routed)          1.334    11.865    U_DATA_RAM/d_ram_reg_0_127_23_23/A1
    SLICE_X8Y36          RAMS64E (Prop_rams64e_ADR1_O)
                                                      0.490    12.355 r  U_DATA_RAM/d_ram_reg_0_127_23_23/HIGH/O
                         net (fo=1, routed)           0.000    12.355    U_DATA_RAM/d_ram_reg_0_127_23_23/O1
    SLICE_X8Y36          MUXF7 (Prop_muxf7_I1_O)      0.214    12.569 r  U_DATA_RAM/d_ram_reg_0_127_23_23/F7/O
                         net (fo=4, routed)           0.891    13.460    U_DATA_RAM/p_2_in[23]
    SLICE_X9Y36          LUT6 (Prop_lut6_I3_O)        0.297    13.757 r  U_DATA_RAM/o_out[31]_i_4__3/O
                         net (fo=24, routed)          0.746    14.502    U_RV32I_CPU/U_CONTROL_UNIT/U_REG_EN_TYPE_DOF_TO_EX/o_out_reg[16]
    SLICE_X7Y37          LUT6 (Prop_lut6_I4_O)        0.124    14.626 r  U_RV32I_CPU/U_CONTROL_UNIT/U_REG_EN_TYPE_DOF_TO_EX/o_out[22]_i_1__3/O
                         net (fo=1, routed)           0.000    14.626    U_RV32I_CPU/U_DATAPAHT/U_REG_EN_RAM_RD_EX_TO_WB/o_out_reg[31]_1[22]
    SLICE_X7Y37          FDRE                                         r  U_RV32I_CPU/U_DATAPAHT/U_REG_EN_RAM_RD_EX_TO_WB/o_out_reg[22]/D
  -------------------------------------------------------------------    -------------------

                         (clock sys_clk_pin rise edge)
                                                     10.000    10.000 r  
    W5                                                0.000    10.000 r  i_clk (IN)
                         net (fo=0)                   0.000    10.000    i_clk
    W5                   IBUF (Prop_ibuf_I_O)         1.388    11.388 r  i_clk_IBUF_inst/O
                         net (fo=1, routed)           1.862    13.250    i_clk_IBUF
    BUFGCTRL_X0Y0        BUFG (Prop_bufg_I_O)         0.091    13.341 r  i_clk_IBUF_BUFG_inst/O
                         net (fo=1491, routed)        1.513    14.854    U_RV32I_CPU/U_DATAPAHT/U_REG_EN_RAM_RD_EX_TO_WB/i_clk_IBUF_BUFG
    SLICE_X7Y37          FDRE                                         r  U_RV32I_CPU/U_DATAPAHT/U_REG_EN_RAM_RD_EX_TO_WB/o_out_reg[22]/C
                         clock pessimism              0.273    15.127    
                         clock uncertainty           -0.035    15.092    
    SLICE_X7Y37          FDRE (Setup_fdre_C_D)        0.029    15.121    U_RV32I_CPU/U_DATAPAHT/U_REG_EN_RAM_RD_EX_TO_WB/o_out_reg[22]
  -------------------------------------------------------------------
                         required time                         15.121    
                         arrival time                         -14.626    
  -------------------------------------------------------------------
                         slack                                  0.495    

Slack (MET) :             0.507ns  (required time - arrival time)
  Source:                 U_RV32I_CPU/U_DATAPAHT/U_REG_EN_ALU2_DOF_TO_EX/o_out_reg[23]/C
                            (rising edge-triggered cell FDRE clocked by sys_clk_pin  {rise@0.000ns fall@5.000ns period=10.000ns})
  Destination:            U_RV32I_CPU/U_DATAPAHT/U_REG_EN_RAM_RD_EX_TO_WB/o_out_reg[30]/D
                            (rising edge-triggered cell FDRE clocked by sys_clk_pin  {rise@0.000ns fall@5.000ns period=10.000ns})
  Path Group:             sys_clk_pin
  Path Type:              Setup (Max at Slow Process Corner)
  Requirement:            10.000ns  (sys_clk_pin rise@10.000ns - sys_clk_pin rise@0.000ns)
  Data Path Delay:        9.459ns  (logic 2.898ns (30.636%)  route 6.561ns (69.364%))
  Logic Levels:           11  (LUT4=1 LUT5=1 LUT6=6 MUXF7=2 RAMS64E=1)
  Clock Path Skew:        -0.029ns (DCD - SCD + CPR)
    Destination Clock Delay (DCD):    4.853ns = ( 14.853 - 10.000 ) 
    Source Clock Delay      (SCD):    5.155ns
    Clock Pessimism Removal (CPR):    0.273ns
  Clock Uncertainty:      0.035ns  ((TSJ^2 + TIJ^2)^1/2 + DJ) / 2 + PE
    Total System Jitter     (TSJ):    0.071ns
    Total Input Jitter      (TIJ):    0.000ns
    Discrete Jitter          (DJ):    0.000ns
    Phase Error              (PE):    0.000ns

    Location             Delay type                Incr(ns)  Path(ns)    Netlist Resource(s)
  -------------------------------------------------------------------    -------------------
                         (clock sys_clk_pin rise edge)
                                                      0.000     0.000 r  
    W5                                                0.000     0.000 r  i_clk (IN)
                         net (fo=0)                   0.000     0.000    i_clk
    W5                   IBUF (Prop_ibuf_I_O)         1.458     1.458 r  i_clk_IBUF_inst/O
                         net (fo=1, routed)           1.967     3.425    i_clk_IBUF
    BUFGCTRL_X0Y0        BUFG (Prop_bufg_I_O)         0.096     3.521 r  i_clk_IBUF_BUFG_inst/O
                         net (fo=1491, routed)        1.634     5.155    U_RV32I_CPU/U_DATAPAHT/U_REG_EN_ALU2_DOF_TO_EX/i_clk_IBUF_BUFG
    SLICE_X5Y41          FDRE                                         r  U_RV32I_CPU/U_DATAPAHT/U_REG_EN_ALU2_DOF_TO_EX/o_out_reg[23]/C
  -------------------------------------------------------------------    -------------------
    SLICE_X5Y41          FDRE (Prop_fdre_C_Q)         0.419     5.574 f  U_RV32I_CPU/U_DATAPAHT/U_REG_EN_ALU2_DOF_TO_EX/o_out_reg[23]/Q
                         net (fo=13, routed)          0.834     6.409    U_RV32I_CPU/U_DATAPAHT/U_REG_EN_ALU2_DOF_TO_EX/Q[23]
    SLICE_X6Y41          LUT4 (Prop_lut4_I0_O)        0.299     6.708 f  U_RV32I_CPU/U_DATAPAHT/U_REG_EN_ALU2_DOF_TO_EX/o_debug_OBUF[3]_inst_i_18/O
                         net (fo=2, routed)           0.445     7.153    U_RV32I_CPU/U_DATAPAHT/U_REG_EN_ALU2_DOF_TO_EX/o_debug_OBUF[3]_inst_i_18_n_0
    SLICE_X6Y40          LUT5 (Prop_lut5_I4_O)        0.119     7.272 f  U_RV32I_CPU/U_DATAPAHT/U_REG_EN_ALU2_DOF_TO_EX/o_debug_OBUF[3]_inst_i_9/O
                         net (fo=1, routed)           0.847     8.119    U_RV32I_CPU/U_DATAPAHT/U_REG_EN_ALU2_DOF_TO_EX/o_debug_OBUF[3]_inst_i_9_n_0
    SLICE_X10Y39         LUT6 (Prop_lut6_I0_O)        0.355     8.474 r  U_RV32I_CPU/U_DATAPAHT/U_REG_EN_ALU2_DOF_TO_EX/o_debug_OBUF[3]_inst_i_5/O
                         net (fo=93, routed)          0.769     9.243    U_RV32I_CPU/U_DATAPAHT/U_REG_EN_ALU1_DOF_TO_EX/o_out_reg[0]_46
    SLICE_X13Y39         LUT6 (Prop_lut6_I3_O)        0.124     9.367 r  U_RV32I_CPU/U_DATAPAHT/U_REG_EN_ALU1_DOF_TO_EX/o_out[3]_i_6/O
                         net (fo=1, routed)           0.403     9.770    U_RV32I_CPU/U_DATAPAHT/U_REG_EN_ALU1_DOF_TO_EX/U_ALU/data6[3]
    SLICE_X13Y39         LUT6 (Prop_lut6_I0_O)        0.124     9.894 r  U_RV32I_CPU/U_DATAPAHT/U_REG_EN_ALU1_DOF_TO_EX/o_out[3]_i_4/O
                         net (fo=1, routed)           0.303    10.198    U_RV32I_CPU/U_CONTROL_UNIT/U_REG_EN_ALU_CONTROL_DOF_TO_EX/o_out_reg[3]_4
    SLICE_X12Y38         LUT6 (Prop_lut6_I5_O)        0.124    10.322 r  U_RV32I_CPU/U_CONTROL_UNIT/U_REG_EN_ALU_CONTROL_DOF_TO_EX/o_out[3]_i_2/O
                         net (fo=1, routed)           0.000    10.322    U_RV32I_CPU/U_CONTROL_UNIT/U_REG_EN_ALU_CONTROL_DOF_TO_EX/o_out[3]_i_2_n_0
    SLICE_X12Y38         MUXF7 (Prop_muxf7_I0_O)      0.209    10.531 r  U_RV32I_CPU/U_CONTROL_UNIT/U_REG_EN_ALU_CONTROL_DOF_TO_EX/o_out_reg[3]_i_1/O
                         net (fo=65, routed)          1.334    11.865    U_DATA_RAM/d_ram_reg_0_127_23_23/A1
    SLICE_X8Y36          RAMS64E (Prop_rams64e_ADR1_O)
                                                      0.490    12.355 r  U_DATA_RAM/d_ram_reg_0_127_23_23/HIGH/O
                         net (fo=1, routed)           0.000    12.355    U_DATA_RAM/d_ram_reg_0_127_23_23/O1
    SLICE_X8Y36          MUXF7 (Prop_muxf7_I1_O)      0.214    12.569 r  U_DATA_RAM/d_ram_reg_0_127_23_23/F7/O
                         net (fo=4, routed)           0.891    13.460    U_DATA_RAM/p_2_in[23]
    SLICE_X9Y36          LUT6 (Prop_lut6_I3_O)        0.297    13.757 r  U_DATA_RAM/o_out[31]_i_4__3/O
                         net (fo=24, routed)          0.734    14.491    U_RV32I_CPU/U_CONTROL_UNIT/U_REG_EN_TYPE_DOF_TO_EX/o_out_reg[16]
    SLICE_X5Y36          LUT6 (Prop_lut6_I4_O)        0.124    14.615 r  U_RV32I_CPU/U_CONTROL_UNIT/U_REG_EN_TYPE_DOF_TO_EX/o_out[30]_i_1__3/O
                         net (fo=1, routed)           0.000    14.615    U_RV32I_CPU/U_DATAPAHT/U_REG_EN_RAM_RD_EX_TO_WB/o_out_reg[31]_1[30]
    SLICE_X5Y36          FDRE                                         r  U_RV32I_CPU/U_DATAPAHT/U_REG_EN_RAM_RD_EX_TO_WB/o_out_reg[30]/D
  -------------------------------------------------------------------    -------------------

                         (clock sys_clk_pin rise edge)
                                                     10.000    10.000 r  
    W5                                                0.000    10.000 r  i_clk (IN)
                         net (fo=0)                   0.000    10.000    i_clk
    W5                   IBUF (Prop_ibuf_I_O)         1.388    11.388 r  i_clk_IBUF_inst/O
                         net (fo=1, routed)           1.862    13.250    i_clk_IBUF
    BUFGCTRL_X0Y0        BUFG (Prop_bufg_I_O)         0.091    13.341 r  i_clk_IBUF_BUFG_inst/O
                         net (fo=1491, routed)        1.512    14.853    U_RV32I_CPU/U_DATAPAHT/U_REG_EN_RAM_RD_EX_TO_WB/i_clk_IBUF_BUFG
    SLICE_X5Y36          FDRE                                         r  U_RV32I_CPU/U_DATAPAHT/U_REG_EN_RAM_RD_EX_TO_WB/o_out_reg[30]/C
                         clock pessimism              0.273    15.126    
                         clock uncertainty           -0.035    15.091    
    SLICE_X5Y36          FDRE (Setup_fdre_C_D)        0.031    15.122    U_RV32I_CPU/U_DATAPAHT/U_REG_EN_RAM_RD_EX_TO_WB/o_out_reg[30]
  -------------------------------------------------------------------
                         required time                         15.122    
                         arrival time                         -14.615    
  -------------------------------------------------------------------
                         slack                                  0.507    

Slack (MET) :             0.508ns  (required time - arrival time)
  Source:                 U_RV32I_CPU/U_DATAPAHT/U_REG_EN_ALU2_DOF_TO_EX/o_out_reg[23]/C
                            (rising edge-triggered cell FDRE clocked by sys_clk_pin  {rise@0.000ns fall@5.000ns period=10.000ns})
  Destination:            U_DATA_RAM/d_ram_reg_0_127_0_0/HIGH/I
                            (rising edge-triggered cell RAMS64E clocked by sys_clk_pin  {rise@0.000ns fall@5.000ns period=10.000ns})
  Path Group:             sys_clk_pin
  Path Type:              Setup (Max at Slow Process Corner)
  Requirement:            10.000ns  (sys_clk_pin rise@10.000ns - sys_clk_pin rise@0.000ns)
  Data Path Delay:        8.910ns  (logic 2.849ns (31.979%)  route 6.060ns (68.021%))
  Logic Levels:           10  (LUT4=1 LUT5=1 LUT6=5 MUXF7=2 RAMS64E=1)
  Clock Path Skew:        -0.109ns (DCD - SCD + CPR)
    Destination Clock Delay (DCD):    4.786ns = ( 14.786 - 10.000 ) 
    Source Clock Delay      (SCD):    5.155ns
    Clock Pessimism Removal (CPR):    0.260ns
  Clock Uncertainty:      0.035ns  ((TSJ^2 + TIJ^2)^1/2 + DJ) / 2 + PE
    Total System Jitter     (TSJ):    0.071ns
    Total Input Jitter      (TIJ):    0.000ns
    Discrete Jitter          (DJ):    0.000ns
    Phase Error              (PE):    0.000ns

    Location             Delay type                Incr(ns)  Path(ns)    Netlist Resource(s)
  -------------------------------------------------------------------    -------------------
                         (clock sys_clk_pin rise edge)
                                                      0.000     0.000 r  
    W5                                                0.000     0.000 r  i_clk (IN)
                         net (fo=0)                   0.000     0.000    i_clk
    W5                   IBUF (Prop_ibuf_I_O)         1.458     1.458 r  i_clk_IBUF_inst/O
                         net (fo=1, routed)           1.967     3.425    i_clk_IBUF
    BUFGCTRL_X0Y0        BUFG (Prop_bufg_I_O)         0.096     3.521 r  i_clk_IBUF_BUFG_inst/O
                         net (fo=1491, routed)        1.634     5.155    U_RV32I_CPU/U_DATAPAHT/U_REG_EN_ALU2_DOF_TO_EX/i_clk_IBUF_BUFG
    SLICE_X5Y41          FDRE                                         r  U_RV32I_CPU/U_DATAPAHT/U_REG_EN_ALU2_DOF_TO_EX/o_out_reg[23]/C
  -------------------------------------------------------------------    -------------------
    SLICE_X5Y41          FDRE (Prop_fdre_C_Q)         0.419     5.574 f  U_RV32I_CPU/U_DATAPAHT/U_REG_EN_ALU2_DOF_TO_EX/o_out_reg[23]/Q
                         net (fo=13, routed)          0.834     6.409    U_RV32I_CPU/U_DATAPAHT/U_REG_EN_ALU2_DOF_TO_EX/Q[23]
    SLICE_X6Y41          LUT4 (Prop_lut4_I0_O)        0.299     6.708 f  U_RV32I_CPU/U_DATAPAHT/U_REG_EN_ALU2_DOF_TO_EX/o_debug_OBUF[3]_inst_i_18/O
                         net (fo=2, routed)           0.445     7.153    U_RV32I_CPU/U_DATAPAHT/U_REG_EN_ALU2_DOF_TO_EX/o_debug_OBUF[3]_inst_i_18_n_0
    SLICE_X6Y40          LUT5 (Prop_lut5_I4_O)        0.119     7.272 f  U_RV32I_CPU/U_DATAPAHT/U_REG_EN_ALU2_DOF_TO_EX/o_debug_OBUF[3]_inst_i_9/O
                         net (fo=1, routed)           0.847     8.119    U_RV32I_CPU/U_DATAPAHT/U_REG_EN_ALU2_DOF_TO_EX/o_debug_OBUF[3]_inst_i_9_n_0
    SLICE_X10Y39         LUT6 (Prop_lut6_I0_O)        0.355     8.474 r  U_RV32I_CPU/U_DATAPAHT/U_REG_EN_ALU2_DOF_TO_EX/o_debug_OBUF[3]_inst_i_5/O
                         net (fo=93, routed)          0.733     9.207    U_RV32I_CPU/U_DATAPAHT/U_REG_EN_ALU2_DOF_TO_EX/o_out_reg[31]_0
    SLICE_X14Y37         LUT6 (Prop_lut6_I0_O)        0.124     9.331 r  U_RV32I_CPU/U_DATAPAHT/U_REG_EN_ALU2_DOF_TO_EX/o_out[2]_i_7__1/O
                         net (fo=1, routed)           0.508     9.839    U_RV32I_CPU/U_DATAPAHT/U_REG_EN_ALU1_DOF_TO_EX/o_out[2]_i_2
    SLICE_X15Y37         LUT6 (Prop_lut6_I5_O)        0.124     9.963 r  U_RV32I_CPU/U_DATAPAHT/U_REG_EN_ALU1_DOF_TO_EX/o_out[2]_i_4/O
                         net (fo=1, routed)           0.151    10.115    U_RV32I_CPU/U_CONTROL_UNIT/U_REG_EN_ALU_CONTROL_DOF_TO_EX/o_out_reg[2]_1
    SLICE_X15Y37         LUT6 (Prop_lut6_I5_O)        0.124    10.239 r  U_RV32I_CPU/U_CONTROL_UNIT/U_REG_EN_ALU_CONTROL_DOF_TO_EX/o_out[2]_i_2/O
                         net (fo=1, routed)           0.000    10.239    U_RV32I_CPU/U_CONTROL_UNIT/U_REG_EN_ALU_CONTROL_DOF_TO_EX/o_out[2]_i_2_n_0
    SLICE_X15Y37         MUXF7 (Prop_muxf7_I0_O)      0.212    10.451 r  U_RV32I_CPU/U_CONTROL_UNIT/U_REG_EN_ALU_CONTROL_DOF_TO_EX/o_out_reg[2]_i_1/O
                         net (fo=65, routed)          1.412    11.862    U_DATA_RAM/d_ram_reg_0_127_0_0/A0
    SLICE_X8Y35          RAMS64E (Prop_rams64e_ADR0_O)
                                                      0.528    12.391 r  U_DATA_RAM/d_ram_reg_0_127_0_0/HIGH/O
                         net (fo=1, routed)           0.000    12.391    U_DATA_RAM/d_ram_reg_0_127_0_0/O1
    SLICE_X8Y35          MUXF7 (Prop_muxf7_I1_O)      0.247    12.638 r  U_DATA_RAM/d_ram_reg_0_127_0_0/F7/O
                         net (fo=2, routed)           0.658    13.296    U_RV32I_CPU/U_CONTROL_UNIT/U_REG_EN_TYPE_DOF_TO_EX/p_2_in[0]
    SLICE_X9Y34          LUT6 (Prop_lut6_I0_O)        0.298    13.594 r  U_RV32I_CPU/U_CONTROL_UNIT/U_REG_EN_TYPE_DOF_TO_EX/d_ram_reg_0_127_0_0_i_1/O
                         net (fo=2, routed)           0.471    14.065    U_DATA_RAM/d_ram_reg_0_127_0_0/D
    SLICE_X8Y35          RAMS64E                                      r  U_DATA_RAM/d_ram_reg_0_127_0_0/HIGH/I
  -------------------------------------------------------------------    -------------------

                         (clock sys_clk_pin rise edge)
                                                     10.000    10.000 r  
    W5                                                0.000    10.000 r  i_clk (IN)
                         net (fo=0)                   0.000    10.000    i_clk
    W5                   IBUF (Prop_ibuf_I_O)         1.388    11.388 r  i_clk_IBUF_inst/O
                         net (fo=1, routed)           1.862    13.250    i_clk_IBUF
    BUFGCTRL_X0Y0        BUFG (Prop_bufg_I_O)         0.091    13.341 r  i_clk_IBUF_BUFG_inst/O
                         net (fo=1491, routed)        1.445    14.786    U_DATA_RAM/d_ram_reg_0_127_0_0/WCLK
    SLICE_X8Y35          RAMS64E                                      r  U_DATA_RAM/d_ram_reg_0_127_0_0/HIGH/CLK
                         clock pessimism              0.260    15.046    
                         clock uncertainty           -0.035    15.011    
    SLICE_X8Y35          RAMS64E (Setup_rams64e_CLK_I)
                                                     -0.438    14.573    U_DATA_RAM/d_ram_reg_0_127_0_0/HIGH
  -------------------------------------------------------------------
                         required time                         14.573    
                         arrival time                         -14.065    
  -------------------------------------------------------------------
                         slack                                  0.508    





Min Delay Paths
--------------------------------------------------------------------------------------
Slack (MET) :             0.151ns  (arrival time - required time)
  Source:                 U_RV32I_CPU/U_CONTROL_UNIT/U_REG_EN_PC_IF_TO_DOF/o_out_reg[27]/C
                            (rising edge-triggered cell FDRE clocked by sys_clk_pin  {rise@0.000ns fall@5.000ns period=10.000ns})
  Destination:            U_RV32I_CPU/U_CONTROL_UNIT/U_REG_EN_PC_DOF_TO_EX/o_out_reg[27]/D
                            (rising edge-triggered cell FDRE clocked by sys_clk_pin  {rise@0.000ns fall@5.000ns period=10.000ns})
  Path Group:             sys_clk_pin
  Path Type:              Hold (Min at Fast Process Corner)
  Requirement:            0.000ns  (sys_clk_pin rise@0.000ns - sys_clk_pin rise@0.000ns)
  Data Path Delay:        0.257ns  (logic 0.141ns (54.812%)  route 0.116ns (45.188%))
  Logic Levels:           0  
  Clock Path Skew:        0.035ns (DCD - SCD - CPR)
    Destination Clock Delay (DCD):    1.990ns
    Source Clock Delay      (SCD):    1.477ns
    Clock Pessimism Removal (CPR):    0.478ns

    Location             Delay type                Incr(ns)  Path(ns)    Netlist Resource(s)
  -------------------------------------------------------------------    -------------------
                         (clock sys_clk_pin rise edge)
                                                      0.000     0.000 r  
    W5                                                0.000     0.000 r  i_clk (IN)
                         net (fo=0)                   0.000     0.000    i_clk
    W5                   IBUF (Prop_ibuf_I_O)         0.226     0.226 r  i_clk_IBUF_inst/O
                         net (fo=1, routed)           0.631     0.858    i_clk_IBUF
    BUFGCTRL_X0Y0        BUFG (Prop_bufg_I_O)         0.026     0.884 r  i_clk_IBUF_BUFG_inst/O
                         net (fo=1491, routed)        0.594     1.477    U_RV32I_CPU/U_CONTROL_UNIT/U_REG_EN_PC_IF_TO_DOF/i_clk_IBUF_BUFG
    SLICE_X1Y41          FDRE                                         r  U_RV32I_CPU/U_CONTROL_UNIT/U_REG_EN_PC_IF_TO_DOF/o_out_reg[27]/C
  -------------------------------------------------------------------    -------------------
    SLICE_X1Y41          FDRE (Prop_fdre_C_Q)         0.141     1.618 r  U_RV32I_CPU/U_CONTROL_UNIT/U_REG_EN_PC_IF_TO_DOF/o_out_reg[27]/Q
                         net (fo=1, routed)           0.116     1.734    U_RV32I_CPU/U_CONTROL_UNIT/U_REG_EN_PC_DOF_TO_EX/o_out_reg[31]_2[27]
    SLICE_X4Y41          FDRE                                         r  U_RV32I_CPU/U_CONTROL_UNIT/U_REG_EN_PC_DOF_TO_EX/o_out_reg[27]/D
  -------------------------------------------------------------------    -------------------

                         (clock sys_clk_pin rise edge)
                                                      0.000     0.000 r  
    W5                                                0.000     0.000 r  i_clk (IN)
                         net (fo=0)                   0.000     0.000    i_clk
    W5                   IBUF (Prop_ibuf_I_O)         0.414     0.414 r  i_clk_IBUF_inst/O
                         net (fo=1, routed)           0.685     1.099    i_clk_IBUF
    BUFGCTRL_X0Y0        BUFG (Prop_bufg_I_O)         0.029     1.128 r  i_clk_IBUF_BUFG_inst/O
                         net (fo=1491, routed)        0.863     1.990    U_RV32I_CPU/U_CONTROL_UNIT/U_REG_EN_PC_DOF_TO_EX/i_clk_IBUF_BUFG
    SLICE_X4Y41          FDRE                                         r  U_RV32I_CPU/U_CONTROL_UNIT/U_REG_EN_PC_DOF_TO_EX/o_out_reg[27]/C
                         clock pessimism             -0.478     1.512    
    SLICE_X4Y41          FDRE (Hold_fdre_C_D)         0.071     1.583    U_RV32I_CPU/U_CONTROL_UNIT/U_REG_EN_PC_DOF_TO_EX/o_out_reg[27]
  -------------------------------------------------------------------
                         required time                         -1.583    
                         arrival time                           1.734    
  -------------------------------------------------------------------
                         slack                                  0.151    

Slack (MET) :             0.152ns  (arrival time - required time)
  Source:                 U_RV32I_CPU/U_CONTROL_UNIT/U_REG_EN_PC_IF_TO_DOF/o_out_reg[7]/C
                            (rising edge-triggered cell FDRE clocked by sys_clk_pin  {rise@0.000ns fall@5.000ns period=10.000ns})
  Destination:            U_RV32I_CPU/U_CONTROL_UNIT/U_REG_EN_PC_DOF_TO_EX/o_out_reg[7]/D
                            (rising edge-triggered cell FDRE clocked by sys_clk_pin  {rise@0.000ns fall@5.000ns period=10.000ns})
  Path Group:             sys_clk_pin
  Path Type:              Hold (Min at Fast Process Corner)
  Requirement:            0.000ns  (sys_clk_pin rise@0.000ns - sys_clk_pin rise@0.000ns)
  Data Path Delay:        0.257ns  (logic 0.141ns (54.812%)  route 0.116ns (45.188%))
  Logic Levels:           0  
  Clock Path Skew:        0.034ns (DCD - SCD - CPR)
    Destination Clock Delay (DCD):    1.987ns
    Source Clock Delay      (SCD):    1.475ns
    Clock Pessimism Removal (CPR):    0.478ns

    Location             Delay type                Incr(ns)  Path(ns)    Netlist Resource(s)
  -------------------------------------------------------------------    -------------------
                         (clock sys_clk_pin rise edge)
                                                      0.000     0.000 r  
    W5                                                0.000     0.000 r  i_clk (IN)
                         net (fo=0)                   0.000     0.000    i_clk
    W5                   IBUF (Prop_ibuf_I_O)         0.226     0.226 r  i_clk_IBUF_inst/O
                         net (fo=1, routed)           0.631     0.858    i_clk_IBUF
    BUFGCTRL_X0Y0        BUFG (Prop_bufg_I_O)         0.026     0.884 r  i_clk_IBUF_BUFG_inst/O
                         net (fo=1491, routed)        0.592     1.475    U_RV32I_CPU/U_CONTROL_UNIT/U_REG_EN_PC_IF_TO_DOF/i_clk_IBUF_BUFG
    SLICE_X1Y37          FDRE                                         r  U_RV32I_CPU/U_CONTROL_UNIT/U_REG_EN_PC_IF_TO_DOF/o_out_reg[7]/C
  -------------------------------------------------------------------    -------------------
    SLICE_X1Y37          FDRE (Prop_fdre_C_Q)         0.141     1.616 r  U_RV32I_CPU/U_CONTROL_UNIT/U_REG_EN_PC_IF_TO_DOF/o_out_reg[7]/Q
                         net (fo=1, routed)           0.116     1.732    U_RV32I_CPU/U_CONTROL_UNIT/U_REG_EN_PC_DOF_TO_EX/o_out_reg[31]_2[7]
    SLICE_X4Y37          FDRE                                         r  U_RV32I_CPU/U_CONTROL_UNIT/U_REG_EN_PC_DOF_TO_EX/o_out_reg[7]/D
  -------------------------------------------------------------------    -------------------

                         (clock sys_clk_pin rise edge)
                                                      0.000     0.000 r  
    W5                                                0.000     0.000 r  i_clk (IN)
                         net (fo=0)                   0.000     0.000    i_clk
    W5                   IBUF (Prop_ibuf_I_O)         0.414     0.414 r  i_clk_IBUF_inst/O
                         net (fo=1, routed)           0.685     1.099    i_clk_IBUF
    BUFGCTRL_X0Y0        BUFG (Prop_bufg_I_O)         0.029     1.128 r  i_clk_IBUF_BUFG_inst/O
                         net (fo=1491, routed)        0.860     1.987    U_RV32I_CPU/U_CONTROL_UNIT/U_REG_EN_PC_DOF_TO_EX/i_clk_IBUF_BUFG
    SLICE_X4Y37          FDRE                                         r  U_RV32I_CPU/U_CONTROL_UNIT/U_REG_EN_PC_DOF_TO_EX/o_out_reg[7]/C
                         clock pessimism             -0.478     1.509    
    SLICE_X4Y37          FDRE (Hold_fdre_C_D)         0.071     1.580    U_RV32I_CPU/U_CONTROL_UNIT/U_REG_EN_PC_DOF_TO_EX/o_out_reg[7]
  -------------------------------------------------------------------
                         required time                         -1.580    
                         arrival time                           1.732    
  -------------------------------------------------------------------
                         slack                                  0.152    

Slack (MET) :             0.153ns  (arrival time - required time)
  Source:                 U_RV32I_CPU/U_CONTROL_UNIT/U_REG_EN_PC_IF_TO_DOF/o_out_reg[26]/C
                            (rising edge-triggered cell FDRE clocked by sys_clk_pin  {rise@0.000ns fall@5.000ns period=10.000ns})
  Destination:            U_RV32I_CPU/U_CONTROL_UNIT/U_REG_EN_PC_DOF_TO_EX/o_out_reg[26]/D
                            (rising edge-triggered cell FDRE clocked by sys_clk_pin  {rise@0.000ns fall@5.000ns period=10.000ns})
  Path Group:             sys_clk_pin
  Path Type:              Hold (Min at Fast Process Corner)
  Requirement:            0.000ns  (sys_clk_pin rise@0.000ns - sys_clk_pin rise@0.000ns)
  Data Path Delay:        0.263ns  (logic 0.141ns (53.592%)  route 0.122ns (46.408%))
  Logic Levels:           0  
  Clock Path Skew:        0.035ns (DCD - SCD - CPR)
    Destination Clock Delay (DCD):    1.990ns
    Source Clock Delay      (SCD):    1.477ns
    Clock Pessimism Removal (CPR):    0.478ns

    Location             Delay type                Incr(ns)  Path(ns)    Netlist Resource(s)
  -------------------------------------------------------------------    -------------------
                         (clock sys_clk_pin rise edge)
                                                      0.000     0.000 r  
    W5                                                0.000     0.000 r  i_clk (IN)
                         net (fo=0)                   0.000     0.000    i_clk
    W5                   IBUF (Prop_ibuf_I_O)         0.226     0.226 r  i_clk_IBUF_inst/O
                         net (fo=1, routed)           0.631     0.858    i_clk_IBUF
    BUFGCTRL_X0Y0        BUFG (Prop_bufg_I_O)         0.026     0.884 r  i_clk_IBUF_BUFG_inst/O
                         net (fo=1491, routed)        0.594     1.477    U_RV32I_CPU/U_CONTROL_UNIT/U_REG_EN_PC_IF_TO_DOF/i_clk_IBUF_BUFG
    SLICE_X1Y41          FDRE                                         r  U_RV32I_CPU/U_CONTROL_UNIT/U_REG_EN_PC_IF_TO_DOF/o_out_reg[26]/C
  -------------------------------------------------------------------    -------------------
    SLICE_X1Y41          FDRE (Prop_fdre_C_Q)         0.141     1.618 r  U_RV32I_CPU/U_CONTROL_UNIT/U_REG_EN_PC_IF_TO_DOF/o_out_reg[26]/Q
                         net (fo=1, routed)           0.122     1.740    U_RV32I_CPU/U_CONTROL_UNIT/U_REG_EN_PC_DOF_TO_EX/o_out_reg[31]_2[26]
    SLICE_X4Y41          FDRE                                         r  U_RV32I_CPU/U_CONTROL_UNIT/U_REG_EN_PC_DOF_TO_EX/o_out_reg[26]/D
  -------------------------------------------------------------------    -------------------

                         (clock sys_clk_pin rise edge)
                                                      0.000     0.000 r  
    W5                                                0.000     0.000 r  i_clk (IN)
                         net (fo=0)                   0.000     0.000    i_clk
    W5                   IBUF (Prop_ibuf_I_O)         0.414     0.414 r  i_clk_IBUF_inst/O
                         net (fo=1, routed)           0.685     1.099    i_clk_IBUF
    BUFGCTRL_X0Y0        BUFG (Prop_bufg_I_O)         0.029     1.128 r  i_clk_IBUF_BUFG_inst/O
                         net (fo=1491, routed)        0.863     1.990    U_RV32I_CPU/U_CONTROL_UNIT/U_REG_EN_PC_DOF_TO_EX/i_clk_IBUF_BUFG
    SLICE_X4Y41          FDRE                                         r  U_RV32I_CPU/U_CONTROL_UNIT/U_REG_EN_PC_DOF_TO_EX/o_out_reg[26]/C
                         clock pessimism             -0.478     1.512    
    SLICE_X4Y41          FDRE (Hold_fdre_C_D)         0.075     1.587    U_RV32I_CPU/U_CONTROL_UNIT/U_REG_EN_PC_DOF_TO_EX/o_out_reg[26]
  -------------------------------------------------------------------
                         required time                         -1.587    
                         arrival time                           1.740    
  -------------------------------------------------------------------
                         slack                                  0.153    

Slack (MET) :             0.154ns  (arrival time - required time)
  Source:                 U_RV32I_CPU/U_CONTROL_UNIT/U_REG_EN_PC_IF_TO_DOF/o_out_reg[6]/C
                            (rising edge-triggered cell FDRE clocked by sys_clk_pin  {rise@0.000ns fall@5.000ns period=10.000ns})
  Destination:            U_RV32I_CPU/U_CONTROL_UNIT/U_REG_EN_PC_DOF_TO_EX/o_out_reg[6]/D
                            (rising edge-triggered cell FDRE clocked by sys_clk_pin  {rise@0.000ns fall@5.000ns period=10.000ns})
  Path Group:             sys_clk_pin
  Path Type:              Hold (Min at Fast Process Corner)
  Requirement:            0.000ns  (sys_clk_pin rise@0.000ns - sys_clk_pin rise@0.000ns)
  Data Path Delay:        0.263ns  (logic 0.141ns (53.592%)  route 0.122ns (46.408%))
  Logic Levels:           0  
  Clock Path Skew:        0.034ns (DCD - SCD - CPR)
    Destination Clock Delay (DCD):    1.987ns
    Source Clock Delay      (SCD):    1.475ns
    Clock Pessimism Removal (CPR):    0.478ns

    Location             Delay type                Incr(ns)  Path(ns)    Netlist Resource(s)
  -------------------------------------------------------------------    -------------------
                         (clock sys_clk_pin rise edge)
                                                      0.000     0.000 r  
    W5                                                0.000     0.000 r  i_clk (IN)
                         net (fo=0)                   0.000     0.000    i_clk
    W5                   IBUF (Prop_ibuf_I_O)         0.226     0.226 r  i_clk_IBUF_inst/O
                         net (fo=1, routed)           0.631     0.858    i_clk_IBUF
    BUFGCTRL_X0Y0        BUFG (Prop_bufg_I_O)         0.026     0.884 r  i_clk_IBUF_BUFG_inst/O
                         net (fo=1491, routed)        0.592     1.475    U_RV32I_CPU/U_CONTROL_UNIT/U_REG_EN_PC_IF_TO_DOF/i_clk_IBUF_BUFG
    SLICE_X1Y37          FDRE                                         r  U_RV32I_CPU/U_CONTROL_UNIT/U_REG_EN_PC_IF_TO_DOF/o_out_reg[6]/C
  -------------------------------------------------------------------    -------------------
    SLICE_X1Y37          FDRE (Prop_fdre_C_Q)         0.141     1.616 r  U_RV32I_CPU/U_CONTROL_UNIT/U_REG_EN_PC_IF_TO_DOF/o_out_reg[6]/Q
                         net (fo=1, routed)           0.122     1.738    U_RV32I_CPU/U_CONTROL_UNIT/U_REG_EN_PC_DOF_TO_EX/o_out_reg[31]_2[6]
    SLICE_X4Y37          FDRE                                         r  U_RV32I_CPU/U_CONTROL_UNIT/U_REG_EN_PC_DOF_TO_EX/o_out_reg[6]/D
  -------------------------------------------------------------------    -------------------

                         (clock sys_clk_pin rise edge)
                                                      0.000     0.000 r  
    W5                                                0.000     0.000 r  i_clk (IN)
                         net (fo=0)                   0.000     0.000    i_clk
    W5                   IBUF (Prop_ibuf_I_O)         0.414     0.414 r  i_clk_IBUF_inst/O
                         net (fo=1, routed)           0.685     1.099    i_clk_IBUF
    BUFGCTRL_X0Y0        BUFG (Prop_bufg_I_O)         0.029     1.128 r  i_clk_IBUF_BUFG_inst/O
                         net (fo=1491, routed)        0.860     1.987    U_RV32I_CPU/U_CONTROL_UNIT/U_REG_EN_PC_DOF_TO_EX/i_clk_IBUF_BUFG
    SLICE_X4Y37          FDRE                                         r  U_RV32I_CPU/U_CONTROL_UNIT/U_REG_EN_PC_DOF_TO_EX/o_out_reg[6]/C
                         clock pessimism             -0.478     1.509    
    SLICE_X4Y37          FDRE (Hold_fdre_C_D)         0.075     1.584    U_RV32I_CPU/U_CONTROL_UNIT/U_REG_EN_PC_DOF_TO_EX/o_out_reg[6]
  -------------------------------------------------------------------
                         required time                         -1.584    
                         arrival time                           1.738    
  -------------------------------------------------------------------
                         slack                                  0.154    

Slack (MET) :             0.154ns  (arrival time - required time)
  Source:                 U_RV32I_CPU/U_CONTROL_UNIT/U_REG_EN_PC_IF_TO_DOF/o_out_reg[29]/C
                            (rising edge-triggered cell FDRE clocked by sys_clk_pin  {rise@0.000ns fall@5.000ns period=10.000ns})
  Destination:            U_RV32I_CPU/U_CONTROL_UNIT/U_REG_EN_PC_DOF_TO_EX/o_out_reg[29]/D
                            (rising edge-triggered cell FDRE clocked by sys_clk_pin  {rise@0.000ns fall@5.000ns period=10.000ns})
  Path Group:             sys_clk_pin
  Path Type:              Hold (Min at Fast Process Corner)
  Requirement:            0.000ns  (sys_clk_pin rise@0.000ns - sys_clk_pin rise@0.000ns)
  Data Path Delay:        0.240ns  (logic 0.141ns (58.691%)  route 0.099ns (41.309%))
  Logic Levels:           0  
  Clock Path Skew:        0.016ns (DCD - SCD - CPR)
    Destination Clock Delay (DCD):    1.993ns
    Source Clock Delay      (SCD):    1.478ns
    Clock Pessimism Removal (CPR):    0.499ns

    Location             Delay type                Incr(ns)  Path(ns)    Netlist Resource(s)
  -------------------------------------------------------------------    -------------------
                         (clock sys_clk_pin rise edge)
                                                      0.000     0.000 r  
    W5                                                0.000     0.000 r  i_clk (IN)
                         net (fo=0)                   0.000     0.000    i_clk
    W5                   IBUF (Prop_ibuf_I_O)         0.226     0.226 r  i_clk_IBUF_inst/O
                         net (fo=1, routed)           0.631     0.858    i_clk_IBUF
    BUFGCTRL_X0Y0        BUFG (Prop_bufg_I_O)         0.026     0.884 r  i_clk_IBUF_BUFG_inst/O
                         net (fo=1491, routed)        0.595     1.478    U_RV32I_CPU/U_CONTROL_UNIT/U_REG_EN_PC_IF_TO_DOF/i_clk_IBUF_BUFG
    SLICE_X1Y43          FDRE                                         r  U_RV32I_CPU/U_CONTROL_UNIT/U_REG_EN_PC_IF_TO_DOF/o_out_reg[29]/C
  -------------------------------------------------------------------    -------------------
    SLICE_X1Y43          FDRE (Prop_fdre_C_Q)         0.141     1.619 r  U_RV32I_CPU/U_CONTROL_UNIT/U_REG_EN_PC_IF_TO_DOF/o_out_reg[29]/Q
                         net (fo=1, routed)           0.099     1.718    U_RV32I_CPU/U_CONTROL_UNIT/U_REG_EN_PC_DOF_TO_EX/o_out_reg[31]_2[29]
    SLICE_X3Y44          FDRE                                         r  U_RV32I_CPU/U_CONTROL_UNIT/U_REG_EN_PC_DOF_TO_EX/o_out_reg[29]/D
  -------------------------------------------------------------------    -------------------

                         (clock sys_clk_pin rise edge)
                                                      0.000     0.000 r  
    W5                                                0.000     0.000 r  i_clk (IN)
                         net (fo=0)                   0.000     0.000    i_clk
    W5                   IBUF (Prop_ibuf_I_O)         0.414     0.414 r  i_clk_IBUF_inst/O
                         net (fo=1, routed)           0.685     1.099    i_clk_IBUF
    BUFGCTRL_X0Y0        BUFG (Prop_bufg_I_O)         0.029     1.128 r  i_clk_IBUF_BUFG_inst/O
                         net (fo=1491, routed)        0.866     1.993    U_RV32I_CPU/U_CONTROL_UNIT/U_REG_EN_PC_DOF_TO_EX/i_clk_IBUF_BUFG
    SLICE_X3Y44          FDRE                                         r  U_RV32I_CPU/U_CONTROL_UNIT/U_REG_EN_PC_DOF_TO_EX/o_out_reg[29]/C
                         clock pessimism             -0.499     1.494    
    SLICE_X3Y44          FDRE (Hold_fdre_C_D)         0.070     1.564    U_RV32I_CPU/U_CONTROL_UNIT/U_REG_EN_PC_DOF_TO_EX/o_out_reg[29]
  -------------------------------------------------------------------
                         required time                         -1.564    
                         arrival time                           1.718    
  -------------------------------------------------------------------
                         slack                                  0.154    

Slack (MET) :             0.155ns  (arrival time - required time)
  Source:                 U_RV32I_CPU/U_CONTROL_UNIT/U_REG_EN_PC_IF_TO_DOF/o_out_reg[31]/C
                            (rising edge-triggered cell FDRE clocked by sys_clk_pin  {rise@0.000ns fall@5.000ns period=10.000ns})
  Destination:            U_RV32I_CPU/U_CONTROL_UNIT/U_REG_EN_PC_DOF_TO_EX/o_out_reg[31]/D
                            (rising edge-triggered cell FDRE clocked by sys_clk_pin  {rise@0.000ns fall@5.000ns period=10.000ns})
  Path Group:             sys_clk_pin
  Path Type:              Hold (Min at Fast Process Corner)
  Requirement:            0.000ns  (sys_clk_pin rise@0.000ns - sys_clk_pin rise@0.000ns)
  Data Path Delay:        0.241ns  (logic 0.141ns (58.447%)  route 0.100ns (41.553%))
  Logic Levels:           0  
  Clock Path Skew:        0.016ns (DCD - SCD - CPR)
    Destination Clock Delay (DCD):    1.993ns
    Source Clock Delay      (SCD):    1.478ns
    Clock Pessimism Removal (CPR):    0.499ns

    Location             Delay type                Incr(ns)  Path(ns)    Netlist Resource(s)
  -------------------------------------------------------------------    -------------------
                         (clock sys_clk_pin rise edge)
                                                      0.000     0.000 r  
    W5                                                0.000     0.000 r  i_clk (IN)
                         net (fo=0)                   0.000     0.000    i_clk
    W5                   IBUF (Prop_ibuf_I_O)         0.226     0.226 r  i_clk_IBUF_inst/O
                         net (fo=1, routed)           0.631     0.858    i_clk_IBUF
    BUFGCTRL_X0Y0        BUFG (Prop_bufg_I_O)         0.026     0.884 r  i_clk_IBUF_BUFG_inst/O
                         net (fo=1491, routed)        0.595     1.478    U_RV32I_CPU/U_CONTROL_UNIT/U_REG_EN_PC_IF_TO_DOF/i_clk_IBUF_BUFG
    SLICE_X1Y43          FDRE                                         r  U_RV32I_CPU/U_CONTROL_UNIT/U_REG_EN_PC_IF_TO_DOF/o_out_reg[31]/C
  -------------------------------------------------------------------    -------------------
    SLICE_X1Y43          FDRE (Prop_fdre_C_Q)         0.141     1.619 r  U_RV32I_CPU/U_CONTROL_UNIT/U_REG_EN_PC_IF_TO_DOF/o_out_reg[31]/Q
                         net (fo=1, routed)           0.100     1.719    U_RV32I_CPU/U_CONTROL_UNIT/U_REG_EN_PC_DOF_TO_EX/o_out_reg[31]_2[31]
    SLICE_X3Y44          FDRE                                         r  U_RV32I_CPU/U_CONTROL_UNIT/U_REG_EN_PC_DOF_TO_EX/o_out_reg[31]/D
  -------------------------------------------------------------------    -------------------

                         (clock sys_clk_pin rise edge)
                                                      0.000     0.000 r  
    W5                                                0.000     0.000 r  i_clk (IN)
                         net (fo=0)                   0.000     0.000    i_clk
    W5                   IBUF (Prop_ibuf_I_O)         0.414     0.414 r  i_clk_IBUF_inst/O
                         net (fo=1, routed)           0.685     1.099    i_clk_IBUF
    BUFGCTRL_X0Y0        BUFG (Prop_bufg_I_O)         0.029     1.128 r  i_clk_IBUF_BUFG_inst/O
                         net (fo=1491, routed)        0.866     1.993    U_RV32I_CPU/U_CONTROL_UNIT/U_REG_EN_PC_DOF_TO_EX/i_clk_IBUF_BUFG
    SLICE_X3Y44          FDRE                                         r  U_RV32I_CPU/U_CONTROL_UNIT/U_REG_EN_PC_DOF_TO_EX/o_out_reg[31]/C
                         clock pessimism             -0.499     1.494    
    SLICE_X3Y44          FDRE (Hold_fdre_C_D)         0.070     1.564    U_RV32I_CPU/U_CONTROL_UNIT/U_REG_EN_PC_DOF_TO_EX/o_out_reg[31]
  -------------------------------------------------------------------
                         required time                         -1.564    
                         arrival time                           1.719    
  -------------------------------------------------------------------
                         slack                                  0.155    

Slack (MET) :             0.159ns  (arrival time - required time)
  Source:                 U_RV32I_CPU/U_DATAPAHT/U_REG_EN_IMM_DOF_TO_EX/o_out_reg[0]/C
                            (rising edge-triggered cell FDRE clocked by sys_clk_pin  {rise@0.000ns fall@5.000ns period=10.000ns})
  Destination:            U_RV32I_CPU/U_DATAPAHT/U_REG_EN_IMM_EXT_EX_TO_WB/o_out_reg[0]/D
                            (rising edge-triggered cell FDRE clocked by sys_clk_pin  {rise@0.000ns fall@5.000ns period=10.000ns})
  Path Group:             sys_clk_pin
  Path Type:              Hold (Min at Fast Process Corner)
  Requirement:            0.000ns  (sys_clk_pin rise@0.000ns - sys_clk_pin rise@0.000ns)
  Data Path Delay:        0.272ns  (logic 0.141ns (51.875%)  route 0.131ns (48.125%))
  Logic Levels:           0  
  Clock Path Skew:        0.038ns (DCD - SCD - CPR)
    Destination Clock Delay (DCD):    1.987ns
    Source Clock Delay      (SCD):    1.471ns
    Clock Pessimism Removal (CPR):    0.478ns

    Location             Delay type                Incr(ns)  Path(ns)    Netlist Resource(s)
  -------------------------------------------------------------------    -------------------
                         (clock sys_clk_pin rise edge)
                                                      0.000     0.000 r  
    W5                                                0.000     0.000 r  i_clk (IN)
                         net (fo=0)                   0.000     0.000    i_clk
    W5                   IBUF (Prop_ibuf_I_O)         0.226     0.226 r  i_clk_IBUF_inst/O
                         net (fo=1, routed)           0.631     0.858    i_clk_IBUF
    BUFGCTRL_X0Y0        BUFG (Prop_bufg_I_O)         0.026     0.884 r  i_clk_IBUF_BUFG_inst/O
                         net (fo=1491, routed)        0.588     1.471    U_RV32I_CPU/U_DATAPAHT/U_REG_EN_IMM_DOF_TO_EX/i_clk_IBUF_BUFG
    SLICE_X4Y33          FDRE                                         r  U_RV32I_CPU/U_DATAPAHT/U_REG_EN_IMM_DOF_TO_EX/o_out_reg[0]/C
  -------------------------------------------------------------------    -------------------
    SLICE_X4Y33          FDRE (Prop_fdre_C_Q)         0.141     1.612 r  U_RV32I_CPU/U_DATAPAHT/U_REG_EN_IMM_DOF_TO_EX/o_out_reg[0]/Q
                         net (fo=3, routed)           0.131     1.743    U_RV32I_CPU/U_DATAPAHT/U_REG_EN_IMM_EXT_EX_TO_WB/D[0]
    SLICE_X3Y34          FDRE                                         r  U_RV32I_CPU/U_DATAPAHT/U_REG_EN_IMM_EXT_EX_TO_WB/o_out_reg[0]/D
  -------------------------------------------------------------------    -------------------

                         (clock sys_clk_pin rise edge)
                                                      0.000     0.000 r  
    W5                                                0.000     0.000 r  i_clk (IN)
                         net (fo=0)                   0.000     0.000    i_clk
    W5                   IBUF (Prop_ibuf_I_O)         0.414     0.414 r  i_clk_IBUF_inst/O
                         net (fo=1, routed)           0.685     1.099    i_clk_IBUF
    BUFGCTRL_X0Y0        BUFG (Prop_bufg_I_O)         0.029     1.128 r  i_clk_IBUF_BUFG_inst/O
                         net (fo=1491, routed)        0.860     1.987    U_RV32I_CPU/U_DATAPAHT/U_REG_EN_IMM_EXT_EX_TO_WB/i_clk_IBUF_BUFG
    SLICE_X3Y34          FDRE                                         r  U_RV32I_CPU/U_DATAPAHT/U_REG_EN_IMM_EXT_EX_TO_WB/o_out_reg[0]/C
                         clock pessimism             -0.478     1.509    
    SLICE_X3Y34          FDRE (Hold_fdre_C_D)         0.075     1.584    U_RV32I_CPU/U_DATAPAHT/U_REG_EN_IMM_EXT_EX_TO_WB/o_out_reg[0]
  -------------------------------------------------------------------
                         required time                         -1.584    
                         arrival time                           1.743    
  -------------------------------------------------------------------
                         slack                                  0.159    

Slack (MET) :             0.162ns  (arrival time - required time)
  Source:                 U_RV32I_CPU/U_CONTROL_UNIT/U_REG_EN_PC_IF_TO_DOF/o_out_reg[0]/C
                            (rising edge-triggered cell FDRE clocked by sys_clk_pin  {rise@0.000ns fall@5.000ns period=10.000ns})
  Destination:            U_RV32I_CPU/U_CONTROL_UNIT/U_REG_EN_PC_DOF_TO_EX/o_out_reg[0]/D
                            (rising edge-triggered cell FDRE clocked by sys_clk_pin  {rise@0.000ns fall@5.000ns period=10.000ns})
  Path Group:             sys_clk_pin
  Path Type:              Hold (Min at Fast Process Corner)
  Requirement:            0.000ns  (sys_clk_pin rise@0.000ns - sys_clk_pin rise@0.000ns)
  Data Path Delay:        0.247ns  (logic 0.141ns (57.182%)  route 0.106ns (42.818%))
  Logic Levels:           0  
  Clock Path Skew:        0.014ns (DCD - SCD - CPR)
    Destination Clock Delay (DCD):    1.986ns
    Source Clock Delay      (SCD):    1.473ns
    Clock Pessimism Removal (CPR):    0.499ns

    Location             Delay type                Incr(ns)  Path(ns)    Netlist Resource(s)
  -------------------------------------------------------------------    -------------------
                         (clock sys_clk_pin rise edge)
                                                      0.000     0.000 r  
    W5                                                0.000     0.000 r  i_clk (IN)
                         net (fo=0)                   0.000     0.000    i_clk
    W5                   IBUF (Prop_ibuf_I_O)         0.226     0.226 r  i_clk_IBUF_inst/O
                         net (fo=1, routed)           0.631     0.858    i_clk_IBUF
    BUFGCTRL_X0Y0        BUFG (Prop_bufg_I_O)         0.026     0.884 r  i_clk_IBUF_BUFG_inst/O
                         net (fo=1491, routed)        0.590     1.473    U_RV32I_CPU/U_CONTROL_UNIT/U_REG_EN_PC_IF_TO_DOF/i_clk_IBUF_BUFG
    SLICE_X0Y33          FDRE                                         r  U_RV32I_CPU/U_CONTROL_UNIT/U_REG_EN_PC_IF_TO_DOF/o_out_reg[0]/C
  -------------------------------------------------------------------    -------------------
    SLICE_X0Y33          FDRE (Prop_fdre_C_Q)         0.141     1.614 r  U_RV32I_CPU/U_CONTROL_UNIT/U_REG_EN_PC_IF_TO_DOF/o_out_reg[0]/Q
                         net (fo=1, routed)           0.106     1.720    U_RV32I_CPU/U_CONTROL_UNIT/U_REG_EN_PC_DOF_TO_EX/o_out_reg[31]_2[0]
    SLICE_X3Y33          FDRE                                         r  U_RV32I_CPU/U_CONTROL_UNIT/U_REG_EN_PC_DOF_TO_EX/o_out_reg[0]/D
  -------------------------------------------------------------------    -------------------

                         (clock sys_clk_pin rise edge)
                                                      0.000     0.000 r  
    W5                                                0.000     0.000 r  i_clk (IN)
                         net (fo=0)                   0.000     0.000    i_clk
    W5                   IBUF (Prop_ibuf_I_O)         0.414     0.414 r  i_clk_IBUF_inst/O
                         net (fo=1, routed)           0.685     1.099    i_clk_IBUF
    BUFGCTRL_X0Y0        BUFG (Prop_bufg_I_O)         0.029     1.128 r  i_clk_IBUF_BUFG_inst/O
                         net (fo=1491, routed)        0.859     1.986    U_RV32I_CPU/U_CONTROL_UNIT/U_REG_EN_PC_DOF_TO_EX/i_clk_IBUF_BUFG
    SLICE_X3Y33          FDRE                                         r  U_RV32I_CPU/U_CONTROL_UNIT/U_REG_EN_PC_DOF_TO_EX/o_out_reg[0]/C
                         clock pessimism             -0.499     1.487    
    SLICE_X3Y33          FDRE (Hold_fdre_C_D)         0.071     1.558    U_RV32I_CPU/U_CONTROL_UNIT/U_REG_EN_PC_DOF_TO_EX/o_out_reg[0]
  -------------------------------------------------------------------
                         required time                         -1.558    
                         arrival time                           1.720    
  -------------------------------------------------------------------
                         slack                                  0.162    

Slack (MET) :             0.164ns  (arrival time - required time)
  Source:                 U_RV32I_CPU/U_CONTROL_UNIT/U_REG_EN_PC_IF_TO_DOF/o_out_reg[17]/C
                            (rising edge-triggered cell FDRE clocked by sys_clk_pin  {rise@0.000ns fall@5.000ns period=10.000ns})
  Destination:            U_RV32I_CPU/U_CONTROL_UNIT/U_REG_EN_PC_DOF_TO_EX/o_out_reg[17]/D
                            (rising edge-triggered cell FDRE clocked by sys_clk_pin  {rise@0.000ns fall@5.000ns period=10.000ns})
  Path Group:             sys_clk_pin
  Path Type:              Hold (Min at Fast Process Corner)
  Requirement:            0.000ns  (sys_clk_pin rise@0.000ns - sys_clk_pin rise@0.000ns)
  Data Path Delay:        0.251ns  (logic 0.141ns (56.174%)  route 0.110ns (43.826%))
  Logic Levels:           0  
  Clock Path Skew:        0.017ns (DCD - SCD - CPR)
    Destination Clock Delay (DCD):    1.990ns
    Source Clock Delay      (SCD):    1.474ns
    Clock Pessimism Removal (CPR):    0.499ns

    Location             Delay type                Incr(ns)  Path(ns)    Netlist Resource(s)
  -------------------------------------------------------------------    -------------------
                         (clock sys_clk_pin rise edge)
                                                      0.000     0.000 r  
    W5                                                0.000     0.000 r  i_clk (IN)
                         net (fo=0)                   0.000     0.000    i_clk
    W5                   IBUF (Prop_ibuf_I_O)         0.226     0.226 r  i_clk_IBUF_inst/O
                         net (fo=1, routed)           0.631     0.858    i_clk_IBUF
    BUFGCTRL_X0Y0        BUFG (Prop_bufg_I_O)         0.026     0.884 r  i_clk_IBUF_BUFG_inst/O
                         net (fo=1491, routed)        0.591     1.474    U_RV32I_CPU/U_CONTROL_UNIT/U_REG_EN_PC_IF_TO_DOF/i_clk_IBUF_BUFG
    SLICE_X5Y39          FDRE                                         r  U_RV32I_CPU/U_CONTROL_UNIT/U_REG_EN_PC_IF_TO_DOF/o_out_reg[17]/C
  -------------------------------------------------------------------    -------------------
    SLICE_X5Y39          FDRE (Prop_fdre_C_Q)         0.141     1.615 r  U_RV32I_CPU/U_CONTROL_UNIT/U_REG_EN_PC_IF_TO_DOF/o_out_reg[17]/Q
                         net (fo=1, routed)           0.110     1.725    U_RV32I_CPU/U_CONTROL_UNIT/U_REG_EN_PC_DOF_TO_EX/o_out_reg[31]_2[17]
    SLICE_X5Y40          FDRE                                         r  U_RV32I_CPU/U_CONTROL_UNIT/U_REG_EN_PC_DOF_TO_EX/o_out_reg[17]/D
  -------------------------------------------------------------------    -------------------

                         (clock sys_clk_pin rise edge)
                                                      0.000     0.000 r  
    W5                                                0.000     0.000 r  i_clk (IN)
                         net (fo=0)                   0.000     0.000    i_clk
    W5                   IBUF (Prop_ibuf_I_O)         0.414     0.414 r  i_clk_IBUF_inst/O
                         net (fo=1, routed)           0.685     1.099    i_clk_IBUF
    BUFGCTRL_X0Y0        BUFG (Prop_bufg_I_O)         0.029     1.128 r  i_clk_IBUF_BUFG_inst/O
                         net (fo=1491, routed)        0.863     1.990    U_RV32I_CPU/U_CONTROL_UNIT/U_REG_EN_PC_DOF_TO_EX/i_clk_IBUF_BUFG
    SLICE_X5Y40          FDRE                                         r  U_RV32I_CPU/U_CONTROL_UNIT/U_REG_EN_PC_DOF_TO_EX/o_out_reg[17]/C
                         clock pessimism             -0.499     1.491    
    SLICE_X5Y40          FDRE (Hold_fdre_C_D)         0.070     1.561    U_RV32I_CPU/U_CONTROL_UNIT/U_REG_EN_PC_DOF_TO_EX/o_out_reg[17]
  -------------------------------------------------------------------
                         required time                         -1.561    
                         arrival time                           1.725    
  -------------------------------------------------------------------
                         slack                                  0.164    

Slack (MET) :             0.164ns  (arrival time - required time)
  Source:                 U_RV32I_CPU/U_CONTROL_UNIT/U_REG_EN_PC_IF_TO_DOF/o_out_reg[19]/C
                            (rising edge-triggered cell FDRE clocked by sys_clk_pin  {rise@0.000ns fall@5.000ns period=10.000ns})
  Destination:            U_RV32I_CPU/U_CONTROL_UNIT/U_REG_EN_PC_DOF_TO_EX/o_out_reg[19]/D
                            (rising edge-triggered cell FDRE clocked by sys_clk_pin  {rise@0.000ns fall@5.000ns period=10.000ns})
  Path Group:             sys_clk_pin
  Path Type:              Hold (Min at Fast Process Corner)
  Requirement:            0.000ns  (sys_clk_pin rise@0.000ns - sys_clk_pin rise@0.000ns)
  Data Path Delay:        0.251ns  (logic 0.141ns (56.174%)  route 0.110ns (43.826%))
  Logic Levels:           0  
  Clock Path Skew:        0.017ns (DCD - SCD - CPR)
    Destination Clock Delay (DCD):    1.990ns
    Source Clock Delay      (SCD):    1.474ns
    Clock Pessimism Removal (CPR):    0.499ns

    Location             Delay type                Incr(ns)  Path(ns)    Netlist Resource(s)
  -------------------------------------------------------------------    -------------------
                         (clock sys_clk_pin rise edge)
                                                      0.000     0.000 r  
    W5                                                0.000     0.000 r  i_clk (IN)
                         net (fo=0)                   0.000     0.000    i_clk
    W5                   IBUF (Prop_ibuf_I_O)         0.226     0.226 r  i_clk_IBUF_inst/O
                         net (fo=1, routed)           0.631     0.858    i_clk_IBUF
    BUFGCTRL_X0Y0        BUFG (Prop_bufg_I_O)         0.026     0.884 r  i_clk_IBUF_BUFG_inst/O
                         net (fo=1491, routed)        0.591     1.474    U_RV32I_CPU/U_CONTROL_UNIT/U_REG_EN_PC_IF_TO_DOF/i_clk_IBUF_BUFG
    SLICE_X5Y39          FDRE                                         r  U_RV32I_CPU/U_CONTROL_UNIT/U_REG_EN_PC_IF_TO_DOF/o_out_reg[19]/C
  -------------------------------------------------------------------    -------------------
    SLICE_X5Y39          FDRE (Prop_fdre_C_Q)         0.141     1.615 r  U_RV32I_CPU/U_CONTROL_UNIT/U_REG_EN_PC_IF_TO_DOF/o_out_reg[19]/Q
                         net (fo=1, routed)           0.110     1.725    U_RV32I_CPU/U_CONTROL_UNIT/U_REG_EN_PC_DOF_TO_EX/o_out_reg[31]_2[19]
    SLICE_X5Y40          FDRE                                         r  U_RV32I_CPU/U_CONTROL_UNIT/U_REG_EN_PC_DOF_TO_EX/o_out_reg[19]/D
  -------------------------------------------------------------------    -------------------

                         (clock sys_clk_pin rise edge)
                                                      0.000     0.000 r  
    W5                                                0.000     0.000 r  i_clk (IN)
                         net (fo=0)                   0.000     0.000    i_clk
    W5                   IBUF (Prop_ibuf_I_O)         0.414     0.414 r  i_clk_IBUF_inst/O
                         net (fo=1, routed)           0.685     1.099    i_clk_IBUF
    BUFGCTRL_X0Y0        BUFG (Prop_bufg_I_O)         0.029     1.128 r  i_clk_IBUF_BUFG_inst/O
                         net (fo=1491, routed)        0.863     1.990    U_RV32I_CPU/U_CONTROL_UNIT/U_REG_EN_PC_DOF_TO_EX/i_clk_IBUF_BUFG
    SLICE_X5Y40          FDRE                                         r  U_RV32I_CPU/U_CONTROL_UNIT/U_REG_EN_PC_DOF_TO_EX/o_out_reg[19]/C
                         clock pessimism             -0.499     1.491    
    SLICE_X5Y40          FDRE (Hold_fdre_C_D)         0.070     1.561    U_RV32I_CPU/U_CONTROL_UNIT/U_REG_EN_PC_DOF_TO_EX/o_out_reg[19]
  -------------------------------------------------------------------
                         required time                         -1.561    
                         arrival time                           1.725    
  -------------------------------------------------------------------
                         slack                                  0.164    





Pulse Width Checks
--------------------------------------------------------------------------------------
Clock Name:         sys_clk_pin
Waveform(ns):       { 0.000 5.000 }
Period(ns):         10.000
Sources:            { i_clk }

Check Type        Corner  Lib Pin             Reference Pin  Required(ns)  Actual(ns)  Slack(ns)  Location       Pin
Min Period        n/a     RAMB18E1/CLKARDCLK  n/a            2.576         10.000      7.424      RAMB18_X0Y12   o_debug_OBUF[1]_inst_i_1/CLKARDCLK
Min Period        n/a     RAMB18E1/CLKBWRCLK  n/a            2.576         10.000      7.424      RAMB18_X0Y12   o_debug_OBUF[1]_inst_i_1/CLKBWRCLK
Min Period        n/a     BUFG/I              n/a            2.155         10.000      7.845      BUFGCTRL_X0Y0  i_clk_IBUF_BUFG_inst/I
Min Period        n/a     FDRE/C              n/a            1.000         10.000      9.000      SLICE_X3Y33    U_RV32I_CPU/U_CONTROL_UNIT/U_REG_EN_ALU_CONTROL_DOF_TO_EX/o_out_reg[2]/C
Min Period        n/a     FDRE/C              n/a            1.000         10.000      9.000      SLICE_X2Y32    U_RV32I_CPU/U_CONTROL_UNIT/U_REG_EN_ALU_CONTROL_DOF_TO_EX/o_out_reg[3]/C
Min Period        n/a     FDRE/C              n/a            1.000         10.000      9.000      SLICE_X2Y34    U_RV32I_CPU/U_CONTROL_UNIT/U_REG_EN_BRANCH_DOF_TO_EX/o_out_reg[0]/C
Min Period        n/a     FDRE/C              n/a            1.000         10.000      9.000      SLICE_X1Y43    U_RV32I_CPU/U_CONTROL_UNIT/U_REG_EN_PC_IF_TO_DOF/o_out_reg[30]/C
Min Period        n/a     FDRE/C              n/a            1.000         10.000      9.000      SLICE_X1Y43    U_RV32I_CPU/U_CONTROL_UNIT/U_REG_EN_PC_IF_TO_DOF/o_out_reg[31]/C
Min Period        n/a     FDRE/C              n/a            1.000         10.000      9.000      SLICE_X1Y36    U_RV32I_CPU/U_CONTROL_UNIT/U_REG_EN_PC_IF_TO_DOF/o_out_reg[3]/C
Min Period        n/a     FDRE/C              n/a            1.000         10.000      9.000      SLICE_X1Y36    U_RV32I_CPU/U_CONTROL_UNIT/U_REG_EN_PC_IF_TO_DOF/o_out_reg[4]/C
Low Pulse Width   Slow    RAMS64E/CLK         n/a            1.250         5.000       3.750      SLICE_X8Y35    U_DATA_RAM/d_ram_reg_0_127_0_0/HIGH/CLK
Low Pulse Width   Slow    RAMS64E/CLK         n/a            1.250         5.000       3.750      SLICE_X8Y35    U_DATA_RAM/d_ram_reg_0_127_0_0/LOW/CLK
Low Pulse Width   Slow    RAMS64E/CLK         n/a            1.250         5.000       3.750      SLICE_X8Y35    U_DATA_RAM/d_ram_reg_0_127_10_10/HIGH/CLK
Low Pulse Width   Slow    RAMS64E/CLK         n/a            1.250         5.000       3.750      SLICE_X8Y35    U_DATA_RAM/d_ram_reg_0_127_10_10/LOW/CLK
Low Pulse Width   Slow    RAMS64E/CLK         n/a            1.250         5.000       3.750      SLICE_X10Y36   U_DATA_RAM/d_ram_reg_0_127_11_11/HIGH/CLK
Low Pulse Width   Slow    RAMS64E/CLK         n/a            1.250         5.000       3.750      SLICE_X10Y36   U_DATA_RAM/d_ram_reg_0_127_11_11/LOW/CLK
Low Pulse Width   Slow    RAMS64E/CLK         n/a            1.250         5.000       3.750      SLICE_X10Y36   U_DATA_RAM/d_ram_reg_0_127_12_12/HIGH/CLK
Low Pulse Width   Slow    RAMS64E/CLK         n/a            1.250         5.000       3.750      SLICE_X10Y35   U_DATA_RAM/d_ram_reg_0_127_6_6/HIGH/CLK
Low Pulse Width   Slow    RAMS64E/CLK         n/a            1.250         5.000       3.750      SLICE_X10Y35   U_DATA_RAM/d_ram_reg_0_127_6_6/LOW/CLK
Low Pulse Width   Slow    RAMS64E/CLK         n/a            1.250         5.000       3.750      SLICE_X10Y35   U_DATA_RAM/d_ram_reg_0_127_7_7/HIGH/CLK
High Pulse Width  Fast    RAMS64E/CLK         n/a            1.250         5.000       3.750      SLICE_X6Y34    U_DATA_RAM/d_ram_reg_0_127_8_8/HIGH/CLK
High Pulse Width  Fast    RAMS64E/CLK         n/a            1.250         5.000       3.750      SLICE_X8Y33    U_DATA_RAM/d_ram_reg_0_127_13_13/HIGH/CLK
High Pulse Width  Fast    RAMS64E/CLK         n/a            1.250         5.000       3.750      SLICE_X8Y33    U_DATA_RAM/d_ram_reg_0_127_13_13/LOW/CLK
High Pulse Width  Fast    RAMS64E/CLK         n/a            1.250         5.000       3.750      SLICE_X8Y33    U_DATA_RAM/d_ram_reg_0_127_14_14/HIGH/CLK
High Pulse Width  Fast    RAMS64E/CLK         n/a            1.250         5.000       3.750      SLICE_X8Y33    U_DATA_RAM/d_ram_reg_0_127_14_14/LOW/CLK
High Pulse Width  Fast    RAMS64E/CLK         n/a            1.250         5.000       3.750      SLICE_X6Y34    U_DATA_RAM/d_ram_reg_0_127_8_8/LOW/CLK
High Pulse Width  Fast    RAMS64E/CLK         n/a            1.250         5.000       3.750      SLICE_X6Y34    U_DATA_RAM/d_ram_reg_0_127_9_9/HIGH/CLK
High Pulse Width  Fast    RAMS64E/CLK         n/a            1.250         5.000       3.750      SLICE_X6Y34    U_DATA_RAM/d_ram_reg_0_127_9_9/LOW/CLK
High Pulse Width  Slow    RAMS64E/CLK         n/a            1.250         5.000       3.750      SLICE_X6Y36    U_DATA_RAM/d_ram_reg_0_127_24_24/HIGH/CLK
High Pulse Width  Slow    RAMS64E/CLK         n/a            1.250         5.000       3.750      SLICE_X6Y36    U_DATA_RAM/d_ram_reg_0_127_24_24/LOW/CLK



